# Blender 3.6.5
# www.blender.org
mtllib alienbase.mtl
o dome
v 0.000000 2.037207 -1.585858
v 0.000000 1.709650 -1.768794
v 0.000000 1.358138 -1.831191
v 0.122667 2.669999 -0.457798
v 0.236973 2.534320 -0.884397
v 0.335131 2.318487 -1.250726
v 0.410450 2.037207 -1.531821
v 0.457798 1.709650 -1.708524
v 0.473947 1.358138 -1.768794
v 0.236973 2.669999 -0.410450
v 0.457798 2.534320 -0.792929
v 0.647424 2.318487 -1.121371
v 0.792929 2.037207 -1.373393
v 0.884397 1.709650 -1.531821
v 0.915595 1.358138 -1.585858
v 0.335131 2.669999 -0.335131
v 0.647424 2.534320 -0.647424
v 0.915595 2.318487 -0.915595
v 1.121371 2.037207 -1.121371
v 1.250726 1.709650 -1.250726
v 1.294847 1.358138 -1.294847
v 0.410450 2.669999 -0.236973
v 0.792929 2.534320 -0.457798
v 1.121370 2.318487 -0.647424
v 1.373393 2.037207 -0.792929
v 1.531821 1.709650 -0.884397
v 1.585857 1.358138 -0.915595
v 0.457798 2.669999 -0.122667
v 0.884397 2.534320 -0.236973
v 1.250726 2.318487 -0.335131
v 1.531821 2.037207 -0.410450
v 1.708524 1.709650 -0.457798
v 1.768794 1.358138 -0.473947
v 0.473947 2.669999 0.000000
v 0.915595 2.534320 0.000000
v 1.294847 2.318487 -0.000000
v 1.585857 2.037207 0.000000
v 1.768794 1.709650 0.000000
v 1.831190 1.358138 0.000000
v 0.457798 2.669999 0.122667
v 0.884397 2.534320 0.236973
v 1.250726 2.318487 0.335131
v 1.531821 2.037207 0.410450
v 1.708524 1.709650 0.457798
v 1.768794 1.358138 0.473947
v 0.410450 2.669999 0.236973
v 0.792929 2.534320 0.457798
v 1.121370 2.318487 0.647423
v 1.373393 2.037207 0.792929
v 1.531821 1.709650 0.884397
v 1.585857 1.358138 0.915595
v 0.335131 2.669999 0.335131
v 0.647423 2.534320 0.647424
v 0.915595 2.318487 0.915595
v 1.121370 2.037207 1.121370
v 1.250726 1.709650 1.250726
v 1.294847 1.358138 1.294847
v 0.236973 2.669999 0.410450
v 0.457797 2.534320 0.792929
v 0.647423 2.318487 1.121370
v 0.792929 2.037207 1.373393
v 0.884397 1.709650 1.531821
v 0.915595 1.358138 1.585857
v 0.122667 2.669999 0.457798
v 0.236973 2.534320 0.884397
v 0.335131 2.318487 1.250726
v 0.410450 2.037207 1.531821
v 0.457798 1.709650 1.708524
v 0.473947 1.358138 1.768794
v 0.000000 2.669999 0.473947
v -0.000000 2.534320 0.915595
v 0.000000 2.318487 1.294847
v -0.000000 2.037207 1.585857
v -0.000000 1.709650 1.768794
v -0.000000 1.358138 1.831190
v 0.000000 2.716276 0.000000
v -0.122667 2.669999 0.457798
v -0.236973 2.534320 0.884397
v -0.335131 2.318487 1.250726
v -0.410450 2.037207 1.531821
v -0.457798 1.709650 1.708524
v -0.473947 1.358138 1.768794
v -0.236973 2.669999 0.410450
v -0.457798 2.534320 0.792929
v -0.647423 2.318487 1.121370
v -0.792929 2.037207 1.373393
v -0.884397 1.709650 1.531821
v -0.915595 1.358138 1.585857
v 0.000000 0.000000 -0.000000
v -0.335131 2.669999 0.335131
v -0.647423 2.534320 0.647423
v -0.915595 2.318487 0.915595
v -1.121370 2.037207 1.121370
v -1.250726 1.709650 1.250726
v -1.294847 1.358138 1.294847
v -0.410450 2.669999 0.236973
v -0.792929 2.534320 0.457797
v -1.121370 2.318487 0.647423
v -1.373393 2.037207 0.792929
v -1.531821 1.709650 0.884397
v -1.585857 1.358138 0.915595
v -0.457798 2.669999 0.122667
v -0.884397 2.534320 0.236973
v -1.250726 2.318487 0.335131
v -1.531821 2.037207 0.410450
v -1.708524 1.709650 0.457798
v -1.768793 1.358138 0.473947
v -0.473947 2.669999 0.000000
v -0.915595 2.534320 -0.000000
v -1.294846 2.318487 0.000000
v -1.585857 2.037207 -0.000000
v -1.768794 1.709650 -0.000000
v -1.831190 1.358138 -0.000000
v -0.457798 2.669999 -0.122667
v -0.884397 2.534320 -0.236973
v -1.250726 2.318487 -0.335131
v -1.531820 2.037207 -0.410450
v -1.708524 1.709650 -0.457798
v -1.768793 1.358138 -0.473947
v -0.473947 0.000000 -1.768793
v -0.915595 0.000000 -1.585857
v -0.410450 2.669999 -0.236973
v -0.792928 2.534320 -0.457797
v -1.121370 2.318487 -0.647423
v -1.373392 2.037207 -0.792929
v -1.531821 1.709650 -0.884397
v -1.585857 1.358138 -0.915595
v -1.294846 0.000000 -1.294847
v -1.585857 0.000000 -0.915595
v -1.768793 0.000000 -0.473947
v -1.831190 0.000000 -0.000000
v -1.768793 0.000000 0.473947
v -0.335131 2.669999 -0.335131
v -0.647423 2.534320 -0.647423
v -0.915595 2.318487 -0.915595
v -1.121370 2.037207 -1.121370
v -1.250726 1.709650 -1.250726
v -1.294846 1.358138 -1.294847
v -1.585857 0.000000 0.915595
v -1.294847 0.000000 1.294847
v -0.915595 0.000000 1.585857
v -0.473947 0.000000 1.768794
v -0.000000 0.000000 1.831190
v -0.236973 2.669999 -0.410450
v -0.457797 2.534320 -0.792928
v -0.647423 2.318487 -1.121370
v -0.792928 2.037207 -1.373393
v -0.884397 1.709650 -1.531821
v -0.915595 1.358138 -1.585857
v 0.473947 0.000000 1.768794
v 0.915595 0.000000 1.585857
v 1.294847 0.000000 1.294847
v 1.585857 0.000000 0.915595
v 1.768794 0.000000 0.473947
v -0.122667 2.669999 -0.457798
v -0.236973 2.534320 -0.884397
v -0.335131 2.318487 -1.250725
v -0.410450 2.037207 -1.531820
v -0.457798 1.709650 -1.708524
v -0.473947 1.358138 -1.768793
v 1.831190 0.000000 0.000000
v 1.768794 0.000000 -0.473947
v 1.585857 0.000000 -0.915595
v 1.294847 0.000000 -1.294847
v 0.915595 0.000000 -1.585858
v 0.000000 2.669999 -0.473947
v 0.000000 2.534320 -0.915595
v 0.000000 2.318487 -1.294846
v 0.473947 0.000000 -1.768794
v 0.000000 0.000000 -1.831191
v 0.000000 3.791544 -0.961568
v 0.000000 2.315926 -0.961568
v 0.000000 2.016528 -1.383447
v 0.000000 3.492146 -1.383447
v 0.053863 2.016528 -1.361137
v 0.053863 3.492146 -1.361137
v 0.076173 2.016528 -1.307274
v 0.076173 3.492146 -1.307274
v 0.053863 2.016528 -1.253411
v 0.053863 3.492146 -1.253411
v 0.000000 2.016528 -1.231101
v 0.000000 3.492146 -1.231101
v -0.053863 2.016528 -1.253411
v -0.053863 3.492146 -1.253411
v -0.076173 2.016528 -1.307274
v -0.076173 3.492146 -1.307274
v -0.053863 2.016528 -1.361137
v -0.053863 3.492146 -1.361137
v 0.053863 2.315926 -0.939257
v 0.053863 3.791544 -0.939257
v 0.076173 2.315926 -0.885395
v 0.076173 3.791544 -0.885395
v 0.053863 2.315926 -0.831532
v 0.053863 3.791544 -0.831532
v 0.000000 2.315926 -0.809221
v 0.000000 3.791544 -0.809221
v -0.053863 2.315926 -0.831532
v -0.053863 3.791544 -0.831532
v -0.076173 2.315926 -0.885395
v -0.076173 3.791544 -0.885395
v -0.053863 2.315926 -0.939257
v -0.053863 3.791544 -0.939257
v 0.000000 2.981916 1.427359
v 0.000000 1.970469 1.427359
v 0.053863 1.970469 1.449670
v 0.053863 2.981916 1.449670
v 0.076173 1.970469 1.503532
v 0.076173 2.981916 1.503532
v 0.053863 1.970469 1.557395
v 0.053863 2.981916 1.557395
v 0.000000 1.970469 1.579706
v 0.000000 2.981916 1.579706
v -0.053863 1.970469 1.557395
v -0.053863 2.981916 1.557395
v -0.076173 1.970469 1.503532
v -0.076173 2.981916 1.503532
v -0.053863 1.970469 1.449670
v -0.053863 2.981916 1.449670
v -1.592073 4.120730 -1.158996
v -1.822572 3.946269 -0.981964
v -2.010026 3.778511 -0.754753
v -2.147233 3.623904 -0.486092
v -2.228918 3.488391 -0.186308
v -2.251944 3.377178 0.133079
v -2.215424 3.294539 0.459796
v -2.120763 3.243650 0.781288
v -1.971598 3.226467 1.085198
v -1.773662 3.243650 1.359849
v -1.534561 3.294539 1.594685
v -1.263484 3.377178 1.780682
v -0.970848 3.488391 1.910693
v -0.667898 3.623904 1.979720
v -0.366278 3.778511 1.985111
v -0.077578 3.946269 1.926660
v 0.187108 4.120730 1.806612
v 0.417607 4.295193 1.629580
v 0.605061 4.462951 1.402368
v 0.742268 4.617557 1.133708
v 0.823953 4.753070 0.833924
v 0.846978 4.864284 0.514536
v 0.810459 4.946922 0.187819
v 0.715798 4.997811 -0.133672
v 0.566633 5.014994 -0.437583
v 0.368697 4.997811 -0.712234
v 0.129596 4.946922 -0.947070
v -0.141481 4.864283 -1.133067
v -0.434118 4.753070 -1.263077
v -0.737067 4.617557 -1.332105
v -1.038687 4.462951 -1.337496
v -1.327388 4.295193 -1.279044
v -0.525344 3.681490 0.103175
v -0.538416 3.671596 0.113215
v -0.549047 3.662082 0.126101
v -0.556829 3.653314 0.141337
v -0.561461 3.645629 0.158339
v -0.562767 3.639322 0.176452
v -0.560696 3.634635 0.194981
v -0.555327 3.631749 0.213213
v -0.546868 3.630775 0.230448
v -0.535643 3.631749 0.246025
v -0.522083 3.634635 0.259343
v -0.506709 3.639322 0.269891
v -0.490113 3.645629 0.277264
v -0.472932 3.653314 0.281179
v -0.455827 3.662082 0.281485
v -0.439454 3.671596 0.278170
v -0.424443 3.681490 0.271361
v -0.411371 3.691385 0.261322
v -0.400740 3.700898 0.248436
v -0.392959 3.709666 0.233200
v -0.388326 3.717352 0.216198
v -0.387020 3.723659 0.198085
v -0.389092 3.728346 0.179556
v -0.394460 3.731232 0.161324
v -0.402920 3.732206 0.144088
v -0.414145 3.731232 0.128512
v -0.427705 3.728346 0.115194
v -0.443078 3.723659 0.104646
v -0.459674 3.717352 0.097273
v -0.476855 3.709666 0.093358
v -0.493961 3.700898 0.093052
v -0.510333 3.691385 0.096367
v -0.617907 3.856145 0.262035
v -0.926542 4.246513 -1.404776
v -0.624921 4.401119 -1.399385
v -0.321972 4.536633 -1.330358
v -0.029336 4.647846 -1.200348
v 0.241741 4.730484 -1.014351
v 0.480843 4.781373 -0.779514
v 0.678779 4.798556 -0.504864
v 0.827943 4.781373 -0.200953
v 0.922604 4.730484 0.120538
v 0.959124 4.647846 0.447256
v 0.936099 4.536633 0.766643
v 0.854413 4.401119 1.066428
v 0.717207 4.246512 1.335088
v 0.529752 4.078755 1.562299
v 0.299253 3.904293 1.739331
v 0.034568 3.729831 1.859379
v -0.254132 3.562073 1.917831
v -0.555753 3.407467 1.912440
v -0.858702 3.271953 1.843412
v -1.151338 3.160740 1.713402
v -1.422416 3.078101 1.527405
v -1.661517 3.027212 1.292569
v -1.859453 3.010029 1.017918
v -2.008617 3.027212 0.714007
v -2.103279 3.078101 0.392516
v -2.139798 3.160740 0.065799
v -2.116773 3.271953 -0.253589
v -2.035087 3.407467 -0.553373
v -1.897881 3.562073 -0.822033
v -1.710426 3.729831 -1.049245
v -1.479927 3.904293 -1.226276
v -1.215242 4.078755 -1.346325
v -0.424688 3.487227 0.042788
v -0.437760 3.477333 0.052828
v -0.448391 3.467819 0.065714
v -0.456173 3.459051 0.080950
v -0.460805 3.451366 0.097951
v -0.462111 3.445059 0.116064
v -0.460040 3.440372 0.134593
v -0.454671 3.437486 0.152826
v -0.446212 3.436512 0.170061
v -0.434987 3.437486 0.185637
v -0.421427 3.440372 0.198955
v -0.406053 3.445059 0.209504
v -0.389457 3.451366 0.216877
v -0.372276 3.459051 0.220791
v -0.355171 3.467819 0.221097
v -0.338798 3.477333 0.217782
v -0.323787 3.487227 0.210974
v -0.310715 3.497121 0.200934
v -0.300084 3.506635 0.188048
v -0.292303 3.515403 0.172812
v -0.287670 3.523088 0.155811
v -0.286364 3.529396 0.137698
v -0.288436 3.534082 0.119169
v -0.293804 3.536968 0.100936
v -0.302263 3.537943 0.083701
v -0.313489 3.536968 0.068125
v -0.327049 3.534082 0.054807
v -0.342422 3.529396 0.044259
v -0.359018 3.523088 0.036885
v -0.376199 3.515403 0.032971
v -0.393305 3.506635 0.032665
v -0.409677 3.497121 0.035980
v -0.374237 3.487226 0.126881
v -1.077455 3.288710 0.756623
v 0.287881 4.188644 0.137374
v -1.182035 3.279631 0.611510
v 0.307177 4.144981 0.309997
v -1.260847 3.288710 0.450937
v 0.295011 4.086221 0.478747
v -1.310862 3.315598 0.281075
v 0.251852 4.014622 0.637140
v -1.330158 3.359260 0.108452
v 0.179358 3.932935 0.779088
v -0.841663 3.844299 -0.637653
v -1.317992 3.418020 -0.060299
v 0.080316 3.844299 0.899137
v -0.689126 3.932935 -0.668536
v -1.274833 3.489620 -0.218692
v -0.041470 3.752121 0.992673
v -0.529763 4.014622 -0.665687
v -1.202339 3.571307 -0.360640
v -0.181318 3.659943 1.056101
v -0.369698 4.086222 -0.629216
v -1.103296 3.659943 -0.480688
v -0.981511 3.752121 -0.574224
v -0.333855 3.571307 1.086984
v -0.215082 4.144981 -0.560524
v -0.493217 3.489620 1.084135
v -0.071857 4.188644 -0.462252
v -0.653283 3.418020 1.047664
v 0.054474 4.215532 -0.338175
v -0.807899 3.359260 0.978973
v -0.951124 3.315598 0.880700
v 0.159055 4.224610 -0.193061
v 0.237867 4.215532 -0.032488
v 0.344267 4.010182 -0.096322
v 0.265455 4.019260 -0.256895
v -0.844724 3.110248 0.816866
v -0.701498 3.153910 0.915139
v 0.160874 4.010182 -0.402008
v -0.546882 3.212670 0.983831
v 0.034544 3.983294 -0.526085
v -0.386817 3.284270 1.020302
v -0.108682 3.939631 -0.624358
v -0.227454 3.365957 1.023150
v -0.875110 3.546771 -0.638058
v -0.996896 3.454593 -0.544522
v -0.263298 3.880872 -0.693050
v -0.074918 3.454593 0.992267
v -1.095939 3.365957 -0.424473
v -0.423363 3.809272 -0.729521
v 0.064931 3.546771 0.928839
v -1.168432 3.284270 -0.282525
v -0.582726 3.727585 -0.732369
v 0.186716 3.638949 0.835303
v -1.211591 3.212670 -0.124132
v -0.735262 3.638949 -0.701486
v 0.285759 3.727585 0.715254
v -1.223757 3.153910 0.044618
v 0.358253 3.809272 0.573306
v -1.204462 3.110248 0.217241
v 0.401412 3.880872 0.414913
v -1.154447 3.083360 0.387103
v 0.413577 3.939631 0.246163
v -1.075635 3.074281 0.547676
v 0.394282 3.983294 0.073540
v -0.971054 3.083360 0.692789
v -1.260948 3.886548 -0.882115
v -1.216999 3.255191 1.222188
v 0.502676 4.556794 -0.098585
v 0.388688 4.569924 -0.330827
v -1.009848 3.318341 1.364323
v 0.237429 4.556794 -0.540709
v -0.786222 3.403328 1.463674
v 0.054713 4.517906 -0.720165
v -0.554714 3.506885 1.516423
v -0.152438 4.454755 -0.862301
v -0.324222 3.625031 1.520543
v -1.437090 3.753228 -0.746831
v -0.376064 4.369768 -0.961651
v -0.103604 3.753228 1.475876
v -1.580339 3.625031 -0.573201
v -0.607571 4.266212 -1.014400
v 0.098663 3.886548 1.384137
v -1.685189 3.506885 -0.367897
v -0.838063 4.148065 -1.018520
v 0.274805 4.019868 1.248854
v -1.747612 3.403328 -0.138808
v -1.058681 4.019868 -0.973853
v 0.418054 4.148065 1.075224
v -1.765207 3.318341 0.105261
v 0.522904 4.266212 0.869919
v -1.737300 3.255191 0.354931
v 0.585326 4.369768 0.640831
v -1.664962 3.216303 0.600608
v 0.602921 4.454755 0.396762
v -1.550973 3.203172 0.832850
v 0.575014 4.517906 0.147092
v -1.399715 3.216303 1.042732
v 0.497960 4.359031 -0.396384
v -0.900575 3.107448 1.298766
v 0.346702 4.345901 -0.606266
v -0.676949 3.192435 1.398117
v 0.163986 4.307012 -0.785723
v -0.445441 3.295991 1.450866
v -0.043165 4.243862 -0.927858
v -0.214950 3.414138 1.454986
v -1.327818 3.542335 -0.812388
v -0.266791 4.158875 -1.027208
v 0.005669 3.542335 1.410319
v -1.471066 3.414138 -0.638758
v -0.498299 4.055318 -1.079957
v 0.207935 3.675655 1.318581
v -1.575916 3.295991 -0.433453
v -0.728790 3.937171 -1.084077
v 0.384078 3.808975 1.183297
v -1.638339 3.192435 -0.204365
v -0.949409 3.808975 -1.039410
v 0.527326 3.937171 1.009667
v -1.655934 3.107448 0.039704
v 0.632177 4.055318 0.804362
v -1.628027 3.044297 0.289374
v 0.694599 4.158875 0.575274
v -1.555689 3.005409 0.535051
v 0.712194 4.243861 0.331205
v -1.441700 2.992278 0.767292
v 0.684287 4.307013 0.081535
v -1.290442 3.005409 0.977175
v 0.611949 4.345901 -0.164142
v -1.107726 3.044297 1.156631
v -1.151675 3.675655 -0.947672
v 0.029277 3.765767 -0.000120
v -0.629030 3.267502 0.505484
v -0.645854 3.509192 -0.300062
v -0.014359 3.770794 -0.089024
v -0.549730 3.291677 0.559894
v -0.072262 3.765767 -0.169369
v -0.464124 3.324211 0.597927
v -0.142207 3.750880 -0.238066
v -0.375501 3.363853 0.618120
v -0.221506 3.726706 -0.292477
v -0.287267 3.409081 0.619697
v -0.713283 3.458156 -0.248274
v -0.307113 3.694173 -0.330509
v -0.202812 3.458156 0.602598
v -0.768120 3.409081 -0.181807
v -0.395736 3.654530 -0.350702
v -0.125383 3.509192 0.567479
v -0.808257 3.363853 -0.103215
v -0.483970 3.609303 -0.352279
v -0.057954 3.560228 0.515692
v -0.832153 3.324211 -0.015518
v -0.568424 3.560228 -0.335180
v -0.003117 3.609303 0.449224
v -0.838889 3.291677 0.077914
v 0.037020 3.654530 0.370632
v -0.828205 3.267503 0.173490
v 0.060916 3.694172 0.282935
v -0.800514 3.252616 0.267537
v 0.067652 3.726706 0.189503
v -0.756878 3.247589 0.356442
v 0.056968 3.750881 0.093927
v -0.698975 3.252616 0.436786
v -0.802503 3.452423 0.498897
v -0.046560 3.950687 0.156038
v -0.860407 3.447396 0.418552
v -0.035877 3.926513 0.251614
v -0.904042 3.452423 0.329648
v -0.042613 3.893979 0.345046
v -0.931734 3.467309 0.235601
v -0.066508 3.854337 0.432743
v -0.942417 3.491484 0.140025
v -0.106646 3.809109 0.511335
v -0.671953 3.760035 -0.273070
v -0.935681 3.524018 0.046593
v -0.161483 3.760035 0.577802
v -0.587498 3.809109 -0.290169
v -0.911786 3.563660 -0.041104
v -0.228911 3.708998 0.629590
v -0.499264 3.854337 -0.288591
v -0.871648 3.608888 -0.119696
v -0.306341 3.657962 0.664708
v -0.410641 3.893980 -0.268399
v -0.816811 3.657962 -0.186163
v -0.390796 3.608887 0.681807
v -0.325035 3.926513 -0.230366
v -0.479030 3.563660 0.680230
v -0.245736 3.950687 -0.175956
v -0.567653 3.524018 0.660037
v -0.175790 3.965574 -0.107258
v -0.653259 3.491484 0.622005
v -0.117887 3.970601 -0.026913
v -0.074251 3.965574 0.061991
v -0.732558 3.467309 0.567595
v -0.749382 3.708998 -0.237951
v -0.493730 3.776347 0.310732
v -0.510103 3.766833 0.314047
v -0.527208 3.758065 0.313741
v -0.544389 3.750380 0.309826
v -0.560985 3.744073 0.302453
v -0.576359 3.739386 0.291905
v -0.589919 3.736500 0.278587
v -0.601144 3.735526 0.263011
v -0.609603 3.736500 0.245775
v -0.614972 3.739386 0.227543
v -0.617043 3.744073 0.209014
v -0.615737 3.750380 0.190901
v -0.611104 3.758065 0.173899
v -0.603323 3.766833 0.158663
v -0.579620 3.786241 0.135738
v -0.592692 3.776347 0.145777
v -0.478719 3.786241 0.303924
v -0.465647 3.796135 0.293884
v -0.455016 3.805650 0.280998
v -0.447235 3.814417 0.265762
v -0.442602 3.822103 0.248760
v -0.441296 3.828410 0.230647
v -0.443367 3.833097 0.212118
v -0.448736 3.835982 0.193886
v -0.457195 3.836957 0.176650
v -0.468421 3.835982 0.161074
v -0.481981 3.833097 0.147756
v -0.497354 3.828410 0.137208
v -0.513950 3.822103 0.129835
v -0.531131 3.814417 0.125920
v -0.548236 3.805650 0.125614
v -0.564609 3.796135 0.128929
v -1.062091 4.713408 0.528518
v -0.620561 3.857572 0.253020
v -0.613724 3.855663 0.270558
v -0.553187 3.880741 0.290788
v -0.560610 3.875849 0.294155
v -0.568706 3.871144 0.295794
v -0.601468 3.857572 0.284845
v -0.608173 3.856145 0.278260
v -0.546723 3.885633 0.285824
v -0.537619 3.894674 0.271918
v -0.541466 3.890338 0.279452
v -0.593866 3.859890 0.290061
v -0.577164 3.866809 0.295643
v -0.585660 3.863008 0.293707
v -0.542544 3.905819 0.227854
v -0.538361 3.905337 0.236377
v -0.535706 3.903910 0.245393
v -0.534682 3.901593 0.254555
v -0.535328 3.898474 0.263511
v -0.621585 3.859890 0.243858
v -0.620940 3.863008 0.234901
v -0.618649 3.866809 0.226494
v -0.614801 3.871144 0.218960
v -0.609545 3.875849 0.212588
v -0.603081 3.880741 0.207624
v -0.548095 3.905337 0.220152
v -0.554800 3.903910 0.213567
v -0.562402 3.901593 0.208351
v -0.570608 3.898474 0.204705
v -0.579104 3.894674 0.202769
v -0.587562 3.890338 0.202618
v -0.595658 3.885633 0.204257
v -1.064746 4.714835 0.519503
v -1.057908 4.712926 0.537041
v -0.997372 4.738005 0.557272
v -1.004794 4.733112 0.560638
v -1.012890 4.728407 0.562277
v -1.045653 4.714835 0.551329
v -1.052357 4.713408 0.544743
v -0.990908 4.742897 0.552307
v -0.981803 4.751937 0.538401
v -0.985651 4.747602 0.545935
v -1.038051 4.717153 0.556545
v -1.021349 4.724072 0.562126
v -1.029844 4.720272 0.560190
v -0.986729 4.763082 0.494338
v -0.982545 4.762600 0.502860
v -0.979891 4.761173 0.511876
v -0.978867 4.758856 0.521038
v -0.979513 4.755737 0.529995
v -1.065770 4.717153 0.510341
v -1.065124 4.720272 0.501384
v -1.062834 4.724072 0.492977
v -1.058986 4.728407 0.485443
v -1.053729 4.733112 0.479071
v -1.047265 4.738005 0.474107
v -0.992279 4.762600 0.486636
v -0.998984 4.761173 0.480050
v -1.006586 4.758856 0.474834
v -1.014793 4.755737 0.471188
v -1.023288 4.751937 0.469252
v -1.031747 4.747602 0.469101
v -1.039843 4.742897 0.470740
v -1.022318 4.738005 0.515689
v -0.399017 2.601004 -0.036236
v -0.399017 3.575853 -0.036236
v -0.262495 2.601004 0.020313
v -0.262495 3.575853 0.020313
v -0.205946 2.601004 0.156834
v -0.205946 3.575853 0.156834
v -0.262495 2.601004 0.293356
v -0.262495 3.575853 0.293356
v -0.399017 2.601004 0.349905
v -0.399017 3.575853 0.349905
v -0.535538 2.601004 0.293356
v -0.535538 3.575853 0.293356
v -0.592087 2.601004 0.156834
v -0.592087 3.575853 0.156834
v -0.535538 2.601004 0.020313
v -0.535538 3.575853 0.020313
vn 0.1142 0.4844 -0.8674
vn 0.0386 0.9552 -0.2934
vn 0.1286 0.1733 -0.9764
vn 0.0650 0.8673 -0.4936
vn 0.0911 0.7160 -0.6921
vn 0.0128 0.9952 -0.0972
vn 0.1905 0.8673 -0.4599
vn 0.2671 0.7160 -0.6449
vn 0.0375 0.9952 -0.0906
vn 0.3348 0.4844 -0.8082
vn 0.1133 0.9552 -0.2734
vn 0.3769 0.1733 -0.9099
vn 0.1802 0.9552 -0.2348
vn 0.5995 0.1733 -0.7813
vn 0.3031 0.8673 -0.3950
vn 0.4250 0.7160 -0.5538
vn 0.0597 0.9952 -0.0778
vn 0.5326 0.4844 -0.6941
vn 0.5538 0.7160 -0.4250
vn 0.0778 0.9952 -0.0597
vn 0.6941 0.4844 -0.5326
vn 0.2348 0.9552 -0.1802
vn 0.7813 0.1733 -0.5995
vn 0.3950 0.8673 -0.3031
vn 0.4599 0.8673 -0.1905
vn 0.6449 0.7160 -0.2671
vn 0.0906 0.9952 -0.0375
vn 0.8082 0.4844 -0.3348
vn 0.2734 0.9552 -0.1133
vn 0.9099 0.1733 -0.3769
vn 0.8674 0.4844 -0.1142
vn 0.2934 0.9552 -0.0386
vn 0.9764 0.1733 -0.1286
vn 0.4936 0.8673 -0.0650
vn 0.6921 0.7160 -0.0911
vn 0.0972 0.9952 -0.0128
vn 0.6921 0.7160 0.0911
vn 0.0972 0.9952 0.0128
vn 0.8674 0.4844 0.1142
vn 0.2934 0.9552 0.0386
vn 0.9764 0.1733 0.1286
vn 0.4936 0.8673 0.0650
vn 0.9099 0.1733 0.3769
vn 0.4599 0.8673 0.1905
vn 0.6449 0.7160 0.2671
vn 0.0905 0.9952 0.0375
vn 0.8082 0.4844 0.3348
vn 0.2734 0.9552 0.1133
vn 0.6941 0.4844 0.5326
vn 0.2348 0.9552 0.1802
vn 0.7813 0.1733 0.5995
vn 0.3950 0.8673 0.3031
vn 0.5538 0.7160 0.4250
vn 0.0778 0.9952 0.0597
vn 0.4250 0.7160 0.5538
vn 0.0597 0.9952 0.0778
vn 0.5326 0.4844 0.6941
vn 0.1802 0.9552 0.2348
vn 0.5995 0.1733 0.7813
vn 0.3031 0.8673 0.3950
vn 0.3769 0.1733 0.9099
vn 0.1905 0.8673 0.4599
vn 0.2671 0.7160 0.6449
vn 0.0375 0.9952 0.0906
vn 0.3348 0.4844 0.8082
vn 0.1133 0.9552 0.2734
vn 0.1142 0.4844 0.8674
vn 0.0386 0.9552 0.2934
vn 0.1286 0.1733 0.9764
vn 0.0650 0.8673 0.4936
vn 0.0911 0.7160 0.6921
vn 0.0128 0.9952 0.0972
vn -0.0911 0.7160 0.6921
vn -0.0128 0.9952 0.0972
vn -0.1142 0.4844 0.8674
vn -0.0386 0.9552 0.2934
vn -0.1286 0.1733 0.9764
vn -0.0650 0.8673 0.4936
vn -0.3769 0.1733 0.9099
vn -0.1905 0.8673 0.4599
vn -0.0000 -1.0000 -0.0000
vn -0.2671 0.7160 0.6449
vn -0.0375 0.9952 0.0906
vn -0.3348 0.4844 0.8082
vn -0.1133 0.9552 0.2734
vn -0.0597 0.9952 0.0778
vn -0.5326 0.4844 0.6941
vn -0.1802 0.9552 0.2348
vn -0.5995 0.1733 0.7813
vn -0.3031 0.8673 0.3950
vn -0.4250 0.7160 0.5538
vn -0.5538 0.7160 0.4250
vn -0.0778 0.9952 0.0597
vn -0.6941 0.4844 0.5326
vn -0.2348 0.9552 0.1802
vn -0.7813 0.1733 0.5995
vn -0.3950 0.8673 0.3031
vn -0.2734 0.9552 0.1133
vn -0.9099 0.1733 0.3769
vn -0.4599 0.8673 0.1905
vn -0.6449 0.7160 0.2671
vn -0.0906 0.9952 0.0375
vn -0.8082 0.4844 0.3348
vn -0.0972 0.9952 0.0128
vn -0.8674 0.4844 0.1142
vn -0.2934 0.9552 0.0386
vn -0.9764 0.1733 0.1286
vn -0.4936 0.8673 0.0650
vn -0.6921 0.7160 0.0911
vn -0.4936 0.8673 -0.0650
vn -0.7934 -0.0000 0.6088
vn -0.6921 0.7160 -0.0911
vn 0.1305 -0.0000 -0.9914
vn -0.0972 0.9952 -0.0128
vn -0.8674 0.4844 -0.1142
vn -0.2934 0.9552 -0.0386
vn 0.9914 -0.0000 -0.1305
vn -0.9764 0.1733 -0.1286
vn -0.2734 0.9552 -0.1133
vn -0.1305 -0.0000 -0.9914
vn -0.9099 0.1733 -0.3769
vn -0.4599 0.8673 -0.1905
vn -0.6088 -0.0000 0.7934
vn -0.9239 -0.0000 0.3827
vn -0.6449 0.7160 -0.2671
vn -0.9914 -0.0000 -0.1305
vn -0.0905 0.9952 -0.0375
vn 0.9239 -0.0000 -0.3827
vn -0.8082 0.4844 -0.3348
vn -0.5538 0.7160 -0.4250
vn 0.7934 -0.0000 0.6088
vn -0.0778 0.9952 -0.0597
vn 0.7934 -0.0000 -0.6088
vn -0.6941 0.4844 -0.5326
vn -0.2348 0.9552 -0.1802
vn -0.9239 -0.0000 -0.3827
vn -0.7813 0.1733 -0.5995
vn -0.3950 0.8673 -0.3031
vn 0.6088 -0.0000 0.7934
vn 0.9239 -0.0000 0.3827
vn -0.3031 0.8673 -0.3950
vn 0.3827 -0.0000 0.9239
vn -0.9914 -0.0000 0.1305
vn -0.4250 0.7160 -0.5538
vn 0.9914 -0.0000 0.1305
vn -0.0597 0.9952 -0.0778
vn -0.3827 -0.0000 -0.9239
vn -0.5326 0.4844 -0.6941
vn -0.1802 0.9552 -0.2348
vn -0.6088 -0.0000 -0.7934
vn -0.5995 0.1733 -0.7813
vn -0.3348 0.4844 -0.8082
vn -0.1133 0.9552 -0.2734
vn 0.1305 -0.0000 0.9914
vn -0.3769 0.1733 -0.9099
vn -0.1905 0.8673 -0.4599
vn -0.3827 -0.0000 0.9239
vn 0.3827 -0.0000 -0.9239
vn -0.2671 0.7160 -0.6449
vn -0.7934 -0.0000 -0.6088
vn -0.0375 0.9952 -0.0906
vn -0.1305 -0.0000 0.9914
vn -0.0911 0.7160 -0.6921
vn 0.6088 -0.0000 -0.7934
vn -0.0128 0.9952 -0.0972
vn -0.1142 0.4844 -0.8674
vn -0.0386 0.9552 -0.2934
vn -0.1286 0.1733 -0.9764
vn -0.0650 0.8673 -0.4936
vn -0.0000 1.0000 -0.0000
vn -0.2140 0.9768 0.0062
vn -0.5037 0.8126 0.2932
vn -0.4101 0.8892 0.2027
vn -0.4958 0.8126 0.3065
vn -0.4231 0.8848 0.1954
vn -0.4857 0.8141 0.3181
vn -0.4367 0.8791 0.1908
vn -0.4740 0.8172 0.3278
vn -0.4506 0.8725 0.1891
vn -0.3960 0.8572 0.3292
vn -0.4611 0.8217 0.3350
vn -0.4641 0.8651 0.1903
vn -0.3864 0.8651 0.3199
vn -0.4475 0.8273 0.3396
vn -0.4768 0.8572 0.1944
vn -0.3790 0.8725 0.3085
vn -0.4336 0.8340 0.3413
vn -0.4882 0.8492 0.2013
vn -0.3739 0.8791 0.2955
vn -0.4200 0.8414 0.3401
vn -0.4978 0.8414 0.2105
vn -0.3715 0.8848 0.2813
vn -0.4074 0.8492 0.3360
vn -0.5052 0.8340 0.2219
vn -0.3718 0.8892 0.2665
vn -0.5102 0.8273 0.2349
vn -0.3748 0.8923 0.2516
vn -0.5126 0.8217 0.2492
vn -0.3804 0.8939 0.2373
vn -0.5123 0.8172 0.2640
vn -0.3884 0.8939 0.2240
vn -0.5093 0.8141 0.2788
vn -0.8898 -0.4561 -0.0159
vn 0.7997 0.2438 0.5487
vn -0.4400 0.0507 -0.8965
vn -0.8937 -0.3998 -0.2036
vn 0.7054 0.1501 0.6928
vn -0.2793 0.1501 -0.9484
vn -0.8633 -0.3281 -0.3835
vn 0.5839 0.0507 0.8102
vn -0.1077 0.2438 -0.9638
vn -0.7997 -0.2438 -0.5487
vn 0.4400 -0.0507 0.8965
vn 0.0679 0.3281 -0.9422
vn -0.7054 -0.1501 -0.6928
vn 0.2793 -0.1501 0.9484
vn 0.2410 0.3998 -0.8844
vn -0.5839 -0.0507 -0.8102
vn 0.1077 -0.2438 0.9638
vn 0.4048 0.4561 -0.7926
vn -0.0679 -0.3281 0.9422
vn 0.5530 0.4949 -0.6703
vn -0.2410 -0.3998 0.8844
vn 0.6800 0.5147 -0.5222
vn -0.4048 -0.4561 0.7926
vn 0.7808 0.5147 -0.3541
vn -0.5530 -0.4949 0.6703
vn 0.8517 0.4949 -0.1724
vn -0.6800 -0.5147 0.5222
vn 0.8898 0.4561 0.0159
vn -0.7808 -0.5147 0.3542
vn 0.8937 0.3998 0.2036
vn -0.8517 -0.4949 0.1724
vn 0.8633 0.3281 0.3835
vn 0.4919 -0.8217 -0.2879
vn 0.4170 -0.8830 -0.2155
vn 0.4855 -0.8217 -0.2985
vn 0.4274 -0.8794 -0.2097
vn 0.4775 -0.8230 -0.3078
vn 0.4383 -0.8749 -0.2061
vn 0.4681 -0.8254 -0.3155
vn 0.4494 -0.8696 -0.2047
vn 0.4057 -0.8574 -0.3167
vn 0.4578 -0.8290 -0.3213
vn 0.4602 -0.8637 -0.2057
vn 0.3981 -0.8637 -0.3092
vn 0.4469 -0.8335 -0.3250
vn 0.4704 -0.8574 -0.2089
vn 0.3921 -0.8696 -0.3002
vn 0.4358 -0.8388 -0.3264
vn 0.4794 -0.8510 -0.2144
vn 0.3881 -0.8749 -0.2897
vn 0.4250 -0.8447 -0.3254
vn 0.4871 -0.8447 -0.2218
vn 0.3862 -0.8794 -0.2784
vn 0.4148 -0.8510 -0.3221
vn 0.4931 -0.8388 -0.2309
vn 0.3864 -0.8830 -0.2665
vn 0.4971 -0.8335 -0.2413
vn 0.3888 -0.8854 -0.2546
vn 0.4990 -0.8290 -0.2527
vn 0.3933 -0.8867 -0.2432
vn 0.4987 -0.8254 -0.2645
vn 0.3997 -0.8867 -0.2326
vn 0.4963 -0.8229 -0.2764
vn 0.4077 -0.8854 -0.2232
vn 0.4435 -0.8559 -0.2661
vn 0.4435 -0.8559 -0.2660
vn 0.4434 -0.8559 -0.2661
vn 0.4434 -0.8559 -0.2660
vn -0.7808 -0.5147 0.3541
vn 0.2234 -0.9746 -0.0163
vn -0.6954 0.6124 0.3759
vn -0.2675 0.9628 -0.0379
vn -0.6590 0.6124 0.4366
vn -0.3266 0.9425 -0.0711
vn -0.6132 0.6196 0.4901
vn -0.3891 0.9166 -0.0920
vn -0.5597 0.6336 0.5342
vn -0.4525 0.8862 -0.0998
vn -0.2028 0.8165 0.5406
vn -0.5006 0.6539 0.5673
vn -0.5144 0.8524 -0.0942
vn -0.1590 0.8524 0.4982
vn -0.4381 0.6798 0.5882
vn -0.5724 0.8165 -0.0755
vn -0.1249 0.8862 0.4462
vn -0.3747 0.7102 0.5960
vn -0.6243 0.7799 -0.0443
vn -0.1020 0.9166 0.3866
vn -0.3128 0.7440 0.5904
vn -0.6682 0.7440 -0.0019
vn -0.0910 0.9425 0.3216
vn -0.2548 0.7799 0.5717
vn -0.7022 0.7102 0.0501
vn -0.0924 0.9628 0.2539
vn -0.7252 0.6798 0.1097
vn -0.1062 0.9768 0.1859
vn -0.7362 0.6539 0.1746
vn -0.1317 0.9840 0.1203
vn -0.7347 0.6336 0.2424
vn -0.1681 0.9840 0.0596
vn -0.7210 0.6196 0.3104
vn -0.3984 0.8923 0.2123
vn 0.7121 -0.6303 -0.3094
vn 0.1792 -0.9815 -0.0678
vn 0.7253 -0.6438 -0.2439
vn 0.1441 -0.9815 -0.1262
vn 0.7267 -0.6634 -0.1786
vn 0.1195 -0.9746 -0.1894
vn 0.7161 -0.6883 -0.1160
vn 0.1062 -0.9611 -0.2550
vn 0.6940 -0.7176 -0.0586
vn 0.2627 -0.7848 -0.5613
vn 0.1049 -0.9415 -0.3203
vn 0.6612 -0.7502 -0.0084
vn 0.3186 -0.7502 -0.5794
vn 0.1154 -0.9166 -0.3829
vn 0.6189 -0.7848 0.0324
vn 0.3783 -0.7176 -0.5847
vn 0.1376 -0.8872 -0.4403
vn 0.5689 -0.8201 0.0625
vn 0.4394 -0.6883 -0.5772
vn 0.1704 -0.8547 -0.4904
vn 0.5129 -0.8547 0.0805
vn 0.4996 -0.6634 -0.5571
vn 0.2126 -0.8201 -0.5313
vn 0.4533 -0.8872 0.0859
vn 0.5566 -0.6438 -0.5252
vn 0.3921 -0.9166 0.0783
vn 0.6082 -0.6303 -0.4826
vn 0.3319 -0.9415 0.0582
vn 0.6523 -0.6234 -0.4311
vn 0.2750 -0.9611 0.0263
vn 0.6874 -0.6234 -0.3726
vn -0.8438 0.4330 0.3170
vn 0.0124 0.9974 -0.0714
vn -0.8651 0.4547 0.2117
vn 0.0688 0.9974 0.0226
vn -0.8673 0.4862 0.1068
vn 0.1084 0.9863 0.1242
vn -0.8503 0.5262 0.0062
vn 0.1297 0.9646 0.2295
vn -0.8148 0.5734 -0.0861
vn -0.1217 0.6813 0.7218
vn 0.1319 0.9331 0.3344
vn -0.7620 0.6257 -0.1667
vn -0.2116 0.6257 0.7508
vn 0.1149 0.8931 0.4350
vn -0.6941 0.6813 -0.2323
vn -0.3075 0.5734 0.7594
vn 0.0793 0.8459 0.5273
vn -0.6137 0.7380 -0.2806
vn -0.4057 0.5262 0.7473
vn 0.0266 0.7936 0.6079
vn -0.5238 0.7936 -0.3096
vn -0.5024 0.4862 0.7150
vn -0.0413 0.7380 0.6735
vn -0.4279 0.8459 -0.3182
vn -0.5940 0.4547 0.6637
vn -0.3297 0.8931 -0.3061
vn -0.6768 0.4330 0.5953
vn -0.2330 0.9331 -0.2738
vn -0.7478 0.4219 0.5126
vn -0.1414 0.9646 -0.2225
vn -0.8042 0.4219 0.4186
vn -0.0586 0.9863 -0.1541
vn 0.7997 -0.4319 -0.4170
vn 0.1479 -0.9657 0.2135
vn 0.7443 -0.4319 -0.5094
vn 0.2379 -0.9347 0.2640
vn 0.6745 -0.4428 -0.5908
vn 0.3331 -0.8953 0.2958
vn 0.5930 -0.4641 -0.6580
vn 0.4297 -0.8489 0.3077
vn 0.0494 -0.7428 -0.6677
vn 0.5029 -0.4951 -0.7085
vn 0.5240 -0.7974 0.2992
vn -0.0174 -0.7974 -0.6031
vn 0.4078 -0.5345 -0.7403
vn 0.6124 -0.7428 0.2707
vn -0.0693 -0.8489 -0.5239
vn 0.3112 -0.5809 -0.7522
vn 0.6915 -0.6870 0.2233
vn -0.1042 -0.8953 -0.4331
vn 0.2169 -0.6324 -0.7437
vn 0.7582 -0.6324 0.1587
vn -0.1210 -0.9347 -0.3342
vn 0.1285 -0.6870 -0.7152
vn 0.8101 -0.5809 0.0795
vn -0.1188 -0.9657 -0.2310
vn 0.8451 -0.5345 -0.0114
vn -0.0979 -0.9870 -0.1274
vn 0.8618 -0.4951 -0.1103
vn -0.0589 -0.9979 -0.0275
vn 0.8597 -0.4641 -0.2135
vn -0.0035 -0.9979 0.0649
vn 0.8387 -0.4428 -0.3170
vn 0.0664 -0.9870 0.1463
vn 0.3814 -0.9042 -0.1924
vn 0.5325 -0.7977 -0.2831
vn 0.3678 -0.9063 -0.2083
vn 0.5366 -0.8019 -0.2628
vn 0.3569 -0.9063 -0.2264
vn 0.5370 -0.8079 -0.2426
vn 0.3493 -0.9042 -0.2460
vn 0.5338 -0.8156 -0.2233
vn 0.3452 -0.9000 -0.2662
vn 0.5269 -0.8247 -0.2055
vn 0.3936 -0.8455 -0.3610
vn 0.3448 -0.8939 -0.2864
vn 0.5168 -0.8348 -0.1900
vn 0.4109 -0.8348 -0.3665
vn 0.3480 -0.8862 -0.3058
vn 0.5037 -0.8455 -0.1774
vn 0.4293 -0.8247 -0.3682
vn 0.3549 -0.8771 -0.3235
vn 0.4882 -0.8564 -0.1681
vn 0.4482 -0.8156 -0.3659
vn 0.3650 -0.8671 -0.3390
vn 0.4709 -0.8671 -0.1625
vn 0.4668 -0.8079 -0.3596
vn 0.3781 -0.8564 -0.3517
vn 0.4525 -0.8771 -0.1608
vn 0.4844 -0.8019 -0.3498
vn 0.4336 -0.8862 -0.1632
vn 0.5004 -0.7977 -0.3366
vn 0.4150 -0.8939 -0.1694
vn 0.5140 -0.7956 -0.3207
vn 0.3974 -0.9000 -0.1793
vn 0.5249 -0.7956 -0.3026
vn -0.3720 0.9103 0.1814
vn -0.5450 0.7884 0.2853
vn -0.3563 0.9128 0.1997
vn -0.5497 0.7932 0.2621
vn -0.3439 0.9128 0.2204
vn -0.5502 0.8001 0.2389
vn -0.3352 0.9103 0.2428
vn -0.5465 0.8089 0.2168
vn -0.3305 0.9056 0.2660
vn -0.5386 0.8193 0.1964
vn -0.3859 0.8431 0.3745
vn -0.3300 0.8986 0.2891
vn -0.5270 0.8309 0.1787
vn -0.4057 0.8309 0.3809
vn -0.3337 0.8898 0.3113
vn -0.5120 0.8431 0.1642
vn -0.4268 0.8193 0.3828
vn -0.3416 0.8794 0.3316
vn -0.4943 0.8556 0.1536
vn -0.4485 0.8089 0.3801
vn -0.3532 0.8679 0.3494
vn -0.4745 0.8679 0.1472
vn -0.4698 0.8001 0.3730
vn -0.3682 0.8556 0.3639
vn -0.4534 0.8794 0.1453
vn -0.4900 0.7932 0.3617
vn -0.4317 0.8898 0.1479
vn -0.5082 0.7884 0.3466
vn -0.4104 0.8986 0.1551
vn -0.5239 0.7860 0.3284
vn -0.3902 0.9056 0.1664
vn -0.5363 0.7860 0.3077
vn 0.6073 0.6487 0.4587
vn -0.5505 -0.0672 0.8321
vn -0.7140 0.3029 -0.6312
vn 0.5492 0.5717 0.6095
vn -0.8249 0.2121 -0.5240
vn -0.8017 -0.1207 0.5853
vn -0.9110 0.1266 -0.3924
vn 0.3522 0.3954 0.8483
vn -0.9691 0.0496 -0.2416
vn -0.5827 0.3954 -0.7100
vn -0.6858 -0.1027 0.7205
vn -0.9969 -0.0158 -0.0774
vn -0.4359 0.4862 -0.7574
vn 0.0740 0.2121 0.9744
vn -0.9933 -0.0672 0.0940
vn -0.2793 0.5717 -0.7714
vn 0.2208 0.3029 0.9271
vn 0.6350 0.7142 0.2945
vn -0.1189 0.6487 -0.7517
vn -0.8938 -0.1207 0.4319
vn -0.0826 0.1266 0.9885
vn 0.0391 0.7142 -0.6989
vn -0.9585 -0.1027 0.2660
vn 0.5967 0.8010 -0.0489
vn 0.1887 0.7656 -0.6151
vn -0.4009 -0.0158 0.9160
vn 0.3240 0.8010 -0.5034
vn 0.5320 0.8191 -0.2148
vn 0.4399 0.8191 -0.3683
vn -0.2429 0.0496 0.9688
vn 0.6315 0.7656 0.1231
vn 0.4631 0.4862 0.7410
vn 0.7808 0.5147 -0.3542
vn 0.6800 0.5147 -0.5223
vn -0.4048 -0.4561 0.7925
vn -0.4401 0.0507 -0.8965
vn -0.2792 0.1501 -0.9484
vn 0.4400 -0.0507 0.8966
vn 0.4048 0.4561 -0.7925
vn -0.4435 0.8559 0.2661
vn -0.4435 0.8559 0.2660
vn -0.4434 0.8559 0.2660
vn -0.4434 0.8559 0.2661
vn -0.4436 0.8558 0.2661
vt 0.750000 0.583333
vt 0.750000 0.666667
vt 0.708333 0.666667
vt 0.708333 0.583333
vt 0.750000 0.833333
vt 0.750000 0.916667
vt 0.708333 0.916667
vt 0.708333 0.833333
vt 0.750000 0.500000
vt 0.708333 0.500000
vt 0.750000 0.750000
vt 0.708333 0.750000
vt 0.729167 1.000000
vt 0.666667 0.833333
vt 0.666667 0.750000
vt 0.666667 0.666667
vt 0.687500 1.000000
vt 0.666667 0.916667
vt 0.666667 0.583333
vt 0.666667 0.500000
vt 0.625000 0.916667
vt 0.625000 0.833333
vt 0.625000 0.583333
vt 0.625000 0.500000
vt 0.625000 0.750000
vt 0.625000 0.666667
vt 0.645833 1.000000
vt 0.583333 0.750000
vt 0.583333 0.666667
vt 0.604167 1.000000
vt 0.583333 0.916667
vt 0.583333 0.583333
vt 0.583333 0.833333
vt 0.583333 0.500000
vt 0.541667 0.833333
vt 0.541667 0.750000
vt 0.541667 0.666667
vt 0.562500 1.000000
vt 0.541667 0.916667
vt 0.541667 0.583333
vt 0.541667 0.500000
vt 0.500000 0.666667
vt 0.500000 0.583333
vt 0.500000 0.916667
vt 0.500000 0.833333
vt 0.500000 0.500000
vt 0.500000 0.750000
vt 0.520833 1.000000
vt 0.458333 0.750000
vt 0.458333 0.666667
vt 0.479167 1.000000
vt 0.458333 0.916667
vt 0.458333 0.583333
vt 0.458333 0.833333
vt 0.458333 0.500000
vt 0.416667 0.583333
vt 0.416667 0.500000
vt 0.416667 0.833333
vt 0.416667 0.750000
vt 0.416667 0.666667
vt 0.437500 1.000000
vt 0.416667 0.916667
vt 0.375000 0.666667
vt 0.375000 0.583333
vt 0.375000 0.916667
vt 0.375000 0.833333
vt 0.375000 0.500000
vt 0.375000 0.750000
vt 0.395833 1.000000
vt 0.333333 0.750000
vt 0.333333 0.666667
vt 0.354167 1.000000
vt 0.333333 0.916667
vt 0.333333 0.583333
vt 0.333333 0.833333
vt 0.333333 0.500000
vt 0.291667 0.583333
vt 0.291667 0.500000
vt 0.291667 0.833333
vt 0.291667 0.750000
vt 0.291667 0.666667
vt 0.312500 1.000000
vt 0.291667 0.916667
vt 0.250000 0.666667
vt 0.250000 0.583333
vt 0.250000 0.916667
vt 0.250000 0.833333
vt 0.250000 0.500000
vt 0.250000 0.750000
vt 0.270833 1.000000
vt 0.208333 0.750000
vt 0.208333 0.666667
vt 0.229167 1.000000
vt 0.208333 0.916667
vt 0.208333 0.583333
vt 0.208333 0.833333
vt 0.208333 0.500000
vt 0.166667 0.583333
vt 0.166667 0.500000
vt 0.166667 0.833333
vt 0.166667 0.750000
vt 0.083333 0.500000
vt 0.041667 0.500000
vt 0.166667 0.666667
vt 0.187500 1.000000
vt 0.166667 0.916667
vt 0.145833 1.000000
vt 0.125000 0.916667
vt 0.000000 0.500000
vt 0.125000 0.666667
vt 0.125000 0.583333
vt 0.125000 0.833333
vt 0.125000 0.500000
vt 0.125000 0.750000
vt 0.958333 0.500000
vt 0.916667 0.500000
vt 0.875000 0.500000
vt 0.833333 0.500000
vt 0.791667 0.500000
vt 0.083333 0.750000
vt 0.083333 0.666667
vt 0.104167 1.000000
vt 0.083333 0.916667
vt 0.083333 0.583333
vt 0.083333 0.833333
vt 0.041667 0.916667
vt 0.041667 0.833333
vt 0.041667 0.583333
vt 0.041667 0.750000
vt 0.041667 0.666667
vt 0.062500 1.000000
vt 1.000000 0.500000
vt 0.020833 1.000000
vt 0.000000 0.916667
vt 0.000000 0.666667
vt 0.000000 0.583333
vt 0.000000 0.833333
vt 0.000000 0.750000
vt 1.000000 0.750000
vt 1.000000 0.833333
vt 0.958333 0.833333
vt 0.958333 0.750000
vt 1.000000 0.666667
vt 0.958333 0.666667
vt 1.000000 0.916667
vt 0.979167 1.000000
vt 0.958333 0.916667
vt 1.000000 0.583333
vt 0.958333 0.583333
vt 0.916667 0.916667
vt 0.916667 0.833333
vt 0.916667 0.583333
vt 0.916667 0.750000
vt 0.916667 0.666667
vt 0.937500 1.000000
vt 0.875000 0.750000
vt 0.875000 0.666667
vt 0.895833 1.000000
vt 0.875000 0.916667
vt 0.875000 0.583333
vt 0.875000 0.833333
vt 0.833333 0.833333
vt 0.833333 0.750000
vt 0.833333 0.666667
vt 0.854167 1.000000
vt 0.833333 0.916667
vt 0.833333 0.583333
vt 0.791667 0.666667
vt 0.791667 0.583333
vt 0.791667 0.916667
vt 0.791667 0.833333
vt 0.791667 0.750000
vt 0.812500 1.000000
vt 0.770833 1.000000
vt 0.625000 1.000000
vt 0.500000 1.000000
vt 0.419706 0.419706
vt 0.250000 0.490000
vt 0.080294 0.419706
vt 0.010000 0.250000
vt 0.080294 0.080294
vt 0.250000 0.010000
vt 0.419706 0.080294
vt 0.490000 0.250000
vt 1.000000 1.000000
vt 0.875000 1.000000
vt 0.875000 0.500000
vt 0.750000 0.490000
vt 0.919706 0.419706
vt 0.990000 0.250000
vt 0.919706 0.080294
vt 0.750000 0.010000
vt 0.580294 0.080294
vt 0.510000 0.250000
vt 0.580294 0.419706
vt 0.375000 1.000000
vt 0.250000 1.000000
vt 0.750000 1.000000
vt 0.125000 1.000000
vt 0.000000 1.000000
vt 0.000000 0.000000
s 0
f 2/1/1 1/2/1 7/3/1 8/4/1
f 167/5/2 166/6/2 4/7/2 5/8/2
f 3/9/3 2/1/3 8/4/3 9/10/3
f 168/11/4 167/5/4 5/8/4 6/12/4
f 1/2/5 168/11/5 6/12/5 7/3/5
f 166/6/6 76/13/6 4/7/6
f 6/12/7 5/8/7 11/14/7 12/15/7
f 7/3/8 6/12/8 12/15/8 13/16/8
f 4/7/9 76/17/9 10/18/9
f 8/4/10 7/3/10 13/16/10 14/19/10
f 5/8/11 4/7/11 10/18/11 11/14/11
f 9/10/12 8/4/12 14/19/12 15/20/12
f 11/14/13 10/18/13 16/21/13 17/22/13
f 15/20/14 14/19/14 20/23/14 21/24/14
f 12/15/15 11/14/15 17/22/15 18/25/15
f 13/16/16 12/15/16 18/25/16 19/26/16
f 10/18/17 76/27/17 16/21/17
f 14/19/18 13/16/18 19/26/18 20/23/18
f 19/26/19 18/25/19 24/28/19 25/29/19
f 16/21/20 76/30/20 22/31/20
f 20/23/21 19/26/21 25/29/21 26/32/21
f 17/22/22 16/21/22 22/31/22 23/33/22
f 21/24/23 20/23/23 26/32/23 27/34/23
f 18/25/24 17/22/24 23/33/24 24/28/24
f 24/28/25 23/33/25 29/35/25 30/36/25
f 25/29/26 24/28/26 30/36/26 31/37/26
f 22/31/27 76/38/27 28/39/27
f 26/32/28 25/29/28 31/37/28 32/40/28
f 23/33/29 22/31/29 28/39/29 29/35/29
f 27/34/30 26/32/30 32/40/30 33/41/30
f 32/40/31 31/37/31 37/42/31 38/43/31
f 29/35/32 28/39/32 34/44/32 35/45/32
f 33/41/33 32/40/33 38/43/33 39/46/33
f 30/36/34 29/35/34 35/45/34 36/47/34
f 31/37/35 30/36/35 36/47/35 37/42/35
f 28/39/36 76/48/36 34/44/36
f 37/42/37 36/47/37 42/49/37 43/50/37
f 34/44/38 76/51/38 40/52/38
f 38/43/39 37/42/39 43/50/39 44/53/39
f 35/45/40 34/44/40 40/52/40 41/54/40
f 39/46/41 38/43/41 44/53/41 45/55/41
f 36/47/42 35/45/42 41/54/42 42/49/42
f 45/55/43 44/53/43 50/56/43 51/57/43
f 42/49/44 41/54/44 47/58/44 48/59/44
f 43/50/45 42/49/45 48/59/45 49/60/45
f 40/52/46 76/61/46 46/62/46
f 44/53/47 43/50/47 49/60/47 50/56/47
f 41/54/48 40/52/48 46/62/48 47/58/48
f 50/56/49 49/60/49 55/63/49 56/64/49
f 47/58/50 46/62/50 52/65/50 53/66/50
f 51/57/51 50/56/51 56/64/51 57/67/51
f 48/59/52 47/58/52 53/66/52 54/68/52
f 49/60/53 48/59/53 54/68/53 55/63/53
f 46/62/54 76/69/54 52/65/54
f 55/63/55 54/68/55 60/70/55 61/71/55
f 52/65/56 76/72/56 58/73/56
f 56/64/57 55/63/57 61/71/57 62/74/57
f 53/66/58 52/65/58 58/73/58 59/75/58
f 57/67/59 56/64/59 62/74/59 63/76/59
f 54/68/60 53/66/60 59/75/60 60/70/60
f 63/76/61 62/74/61 68/77/61 69/78/61
f 60/70/62 59/75/62 65/79/62 66/80/62
f 61/71/63 60/70/63 66/80/63 67/81/63
f 58/73/64 76/82/64 64/83/64
f 62/74/65 61/71/65 67/81/65 68/77/65
f 59/75/66 58/73/66 64/83/66 65/79/66
f 68/77/67 67/81/67 73/84/67 74/85/67
f 65/79/68 64/83/68 70/86/68 71/87/68
f 69/78/69 68/77/69 74/85/69 75/88/69
f 66/80/70 65/79/70 71/87/70 72/89/70
f 67/81/71 66/80/71 72/89/71 73/84/71
f 64/83/72 76/90/72 70/86/72
f 73/84/73 72/89/73 79/91/73 80/92/73
f 70/86/74 76/93/74 77/94/74
f 74/85/75 73/84/75 80/92/75 81/95/75
f 71/87/76 70/86/76 77/94/76 78/96/76
f 75/88/77 74/85/77 81/95/77 82/97/77
f 72/89/78 71/87/78 78/96/78 79/91/78
f 82/97/79 81/95/79 87/98/79 88/99/79
f 79/91/80 78/96/80 84/100/80 85/101/80
f 139/102/81 132/103/81 89/102/81
f 80/92/82 79/91/82 85/101/82 86/104/82
f 162/41/81 161/46/81 89/41/81
f 77/94/83 76/105/83 83/106/83
f 81/95/84 80/92/84 86/104/84 87/98/84
f 78/96/85 77/94/85 83/106/85 84/100/85
f 83/106/86 76/107/86 90/108/86
f 132/103/81 131/109/81 89/103/81
f 87/98/87 86/104/87 93/110/87 94/111/87
f 84/100/88 83/106/88 90/108/88 91/112/88
f 161/46/81 154/55/81 89/46/81
f 88/99/89 87/98/89 94/111/89 95/113/89
f 85/101/90 84/100/90 91/112/90 92/114/90
f 130/115/81 129/116/81 89/115/81
f 128/117/81 121/118/81 89/117/81
f 86/104/91 85/101/91 92/114/91 93/110/91
f 120/119/81 170/9/81 89/119/81
f 152/67/81 151/76/81 89/67/81
f 140/113/81 139/102/81 89/113/81
f 93/110/92 92/114/92 98/120/92 99/121/92
f 129/116/81 128/117/81 89/116/81
f 90/108/93 76/122/93 96/123/93
f 154/55/81 153/57/81 89/55/81
f 94/111/94 93/110/94 99/121/94 100/124/94
f 91/112/95 90/108/95 96/123/95 97/125/95
f 153/57/81 152/67/81 89/57/81
f 95/113/96 94/111/96 100/124/96 101/102/96
f 92/114/97 91/112/97 97/125/97 98/120/97
f 97/125/98 96/123/98 102/126/98 103/127/98
f 121/118/81 120/119/81 89/118/81
f 101/102/99 100/124/99 106/128/99 107/103/99
f 98/120/100 97/125/100 103/127/100 104/129/100
f 151/76/81 150/78/81 89/76/81
f 165/20/81 164/24/81 89/20/81
f 99/121/101 98/120/101 104/129/101 105/130/101
f 169/10/81 165/20/81 89/10/81
f 96/123/102 76/131/102 102/126/102
f 131/132/81 130/115/81 89/132/81
f 100/124/103 99/121/103 105/130/103 106/128/103
f 170/9/81 169/10/81 89/9/81
f 102/126/104 76/133/104 108/134/104
f 164/24/81 163/34/81 89/24/81
f 106/128/105 105/130/105 111/135/105 112/136/105
f 103/127/106 102/126/106 108/134/106 109/137/106
f 142/97/81 141/99/81 89/97/81
f 107/103/107 106/128/107 112/136/107 113/109/107
f 104/129/108 103/127/108 109/137/108 110/138/108
f 141/99/81 140/113/81 89/99/81
f 143/88/81 142/97/81 89/88/81
f 105/130/109 104/129/109 110/138/109 111/135/109
f 110/139/110 109/140/110 115/141/110 116/142/110
f 95/113/111 101/102/111 139/102/111 140/113/111
f 163/34/81 162/41/81 89/34/81
f 111/143/112 110/139/112 116/142/112 117/144/112
f 3/9/113 9/10/113 169/10/113 170/9/113
f 108/145/114 76/146/114 114/147/114
f 150/78/81 143/88/81 89/78/81
f 112/148/115 111/143/115 117/144/115 118/149/115
f 109/140/116 108/145/116 114/147/116 115/141/116
f 33/41/117 39/46/117 161/46/117 162/41/117
f 113/132/118 112/148/118 118/149/118 119/115/118
f 115/141/119 114/147/119 122/150/119 123/151/119
f 160/119/120 3/9/120 170/9/120 120/119/120
f 119/115/121 118/149/121 126/152/121 127/116/121
f 116/142/122 115/141/122 123/151/122 124/153/122
f 88/99/123 95/113/123 140/113/123 141/99/123
f 101/102/124 107/103/124 132/103/124 139/102/124
f 117/144/125 116/142/125 124/153/125 125/154/125
f 113/132/126 119/115/126 130/115/126 131/132/126
f 114/147/127 76/155/127 122/150/127
f 27/34/128 33/41/128 162/41/128 163/34/128
f 118/149/129 117/144/129 125/154/129 126/152/129
f 125/154/130 124/153/130 135/156/130 136/157/130
f 51/57/131 57/67/131 152/67/131 153/57/131
f 122/150/132 76/158/132 133/159/132
f 21/24/133 27/34/133 163/34/133 164/24/133
f 126/152/134 125/154/134 136/157/134 137/160/134
f 123/151/135 122/150/135 133/159/135 134/161/135
f 119/115/136 127/116/136 129/116/136 130/115/136
f 127/116/137 126/152/137 137/160/137 138/117/137
f 124/153/138 123/151/138 134/161/138 135/156/138
f 57/67/139 63/76/139 151/76/139 152/67/139
f 45/55/140 51/57/140 153/57/140 154/55/140
f 135/156/141 134/161/141 145/162/141 146/163/141
f 63/76/142 69/78/142 150/78/142 151/76/142
f 107/103/143 113/109/143 131/109/143 132/103/143
f 136/157/144 135/156/144 146/163/144 147/164/144
f 39/46/145 45/55/145 154/55/145 161/46/145
f 133/159/146 76/165/146 144/166/146
f 149/118/147 160/119/147 120/119/147 121/118/147
f 137/160/148 136/157/148 147/164/148 148/167/148
f 134/161/149 133/159/149 144/166/149 145/162/149
f 138/117/150 149/118/150 121/118/150 128/117/150
f 138/117/151 137/160/151 148/167/151 149/118/151
f 148/167/152 147/164/152 158/168/152 159/169/152
f 145/162/153 144/166/153 155/170/153 156/171/153
f 69/78/154 75/88/154 143/88/154 150/78/154
f 149/118/155 148/167/155 159/169/155 160/119/155
f 146/163/156 145/162/156 156/171/156 157/172/156
f 82/97/157 88/99/157 141/99/157 142/97/157
f 9/10/158 15/20/158 165/20/158 169/10/158
f 147/164/159 146/163/159 157/172/159 158/168/159
f 127/116/160 138/117/160 128/117/160 129/116/160
f 144/166/161 76/173/161 155/170/161
f 75/88/162 82/97/162 142/97/162 143/88/162
f 158/168/163 157/172/163 168/11/163 1/2/163
f 15/20/164 21/24/164 164/24/164 165/20/164
f 155/170/165 76/174/165 166/6/165
f 159/169/166 158/168/166 1/2/166 2/1/166
f 156/171/167 155/170/167 166/6/167 167/5/167
f 160/119/168 159/169/168 2/1/168 3/9/168
f 157/172/169 156/171/169 167/5/169 168/11/169
f 209/24/142 210/175/142 212/176/142 211/46/142
f 190/177/170 171/178/170 202/179/170 200/180/170 198/181/170 196/182/170 194/183/170 192/184/170
f 173/132/158 174/185/158 176/186/158 175/187/158
f 204/188/81 205/189/81 207/190/81 209/191/81 211/192/81 213/193/81 215/194/81 217/195/81
f 197/67/124 198/196/124 200/197/124 199/88/124
f 175/187/128 176/186/128 178/198/128 177/9/128
f 213/67/124 214/196/124 216/197/124 215/88/124
f 195/46/157 196/176/157 198/196/157 197/67/157
f 177/9/140 178/198/140 180/175/140 179/24/140
f 206/177/170 203/178/170 218/179/170 216/180/170 214/181/170 212/182/170 210/183/170 208/184/170
f 193/24/142 194/175/142 196/176/142 195/46/142
f 179/24/142 180/175/142 182/176/142 181/46/142
f 172/188/81 189/189/81 191/190/81 193/191/81 195/192/81 197/193/81 199/194/81 201/195/81
f 191/9/140 192/198/140 194/175/140 193/24/140
f 181/46/157 182/176/157 184/196/157 183/67/157
f 201/113/147 202/199/147 171/200/147 172/109/147
f 189/187/128 190/186/128 192/198/128 191/9/128
f 183/67/124 184/196/124 186/197/124 185/88/124
f 176/177/170 174/178/170 188/179/170 186/180/170 184/181/170 182/182/170 180/183/170 178/184/170
f 172/132/158 171/185/158 190/186/158 189/187/158
f 185/88/136 186/197/136 188/199/136 187/113/136
f 211/46/157 212/176/157 214/196/157 213/67/157
f 199/88/136 200/197/136 202/199/136 201/113/136
f 187/113/147 188/199/147 174/200/147 173/109/147
f 173/188/81 175/189/81 177/190/81 179/191/81 181/192/81 183/193/81 185/194/81 187/195/81
f 207/9/140 208/198/140 210/175/140 209/24/140
f 217/113/147 218/199/147 203/200/147 204/109/147
f 205/187/128 206/186/128 208/198/128 207/9/128
f 204/132/158 203/185/158 206/186/158 205/187/158
f 215/88/136 216/197/136 218/199/136 217/113/136
f 414/201/171 378/201/171 349/201/171 444/201/171
f 537/201/172 275/201/172 274/201/172 538/201/172
f 536/201/173 262/201/173 261/201/173 539/201/173
f 535/201/174 276/201/174 275/201/174 537/201/174
f 534/201/175 263/201/175 262/201/175 536/201/175
f 533/201/176 277/201/176 276/201/176 535/201/176
f 532/201/177 264/201/177 263/201/177 534/201/177
f 531/201/178 278/201/178 277/201/178 533/201/178
f 530/201/179 265/201/179 264/201/179 532/201/179
f 529/201/180 252/201/180 251/201/180 540/201/180
f 528/201/181 279/201/181 278/201/181 531/201/181
f 527/201/182 266/201/182 265/201/182 530/201/182
f 526/201/183 253/201/183 252/201/183 529/201/183
f 525/201/184 280/201/184 279/201/184 528/201/184
f 524/201/185 267/201/185 266/201/185 527/201/185
f 523/201/186 254/201/186 253/201/186 526/201/186
f 522/201/187 281/201/187 280/201/187 525/201/187
f 521/201/188 268/201/188 267/201/188 524/201/188
f 520/201/189 255/201/189 254/201/189 523/201/189
f 519/201/190 282/201/190 281/201/190 522/201/190
f 518/201/191 269/201/191 268/201/191 521/201/191
f 517/201/192 256/201/192 255/201/192 520/201/192
f 540/201/193 251/201/193 282/201/193 519/201/193
f 516/201/194 270/201/194 269/201/194 518/201/194
f 515/201/195 257/201/195 256/201/195 517/201/195
f 514/201/196 271/201/196 270/201/196 516/201/196
f 513/201/197 258/201/197 257/201/197 515/201/197
f 512/201/198 272/201/198 271/201/198 514/201/198
f 511/201/199 259/201/199 258/201/199 513/201/199
f 510/201/200 273/201/200 272/201/200 512/201/200
f 509/201/201 260/201/201 259/201/201 511/201/201
f 538/201/202 274/201/202 273/201/202 510/201/202
f 256/201/203 257/201/203 550/201/203 551/201/203
f 269/201/204 270/201/204 560/201/204 559/201/204
f 282/201/205 251/201/205 555/201/205 572/201/205
f 255/201/206 256/201/206 551/201/206 552/201/206
f 268/201/207 269/201/207 559/201/207 558/201/207
f 281/201/208 282/201/208 572/201/208 571/201/208
f 254/201/209 255/201/209 552/201/209 553/201/209
f 267/201/210 268/201/210 558/201/210 557/201/210
f 280/201/211 281/201/211 571/201/211 570/201/211
f 253/201/212 254/201/212 553/201/212 554/201/212
f 266/201/213 267/201/213 557/201/213 541/201/213
f 279/201/214 280/201/214 570/201/214 569/201/214
f 252/201/215 253/201/215 554/201/215 556/201/215
f 265/201/216 266/201/216 541/201/216 542/201/216
f 278/201/217 279/201/217 569/201/217 568/201/217
f 251/201/218 252/201/218 556/201/218 555/201/218
f 264/201/219 265/201/219 542/201/219 543/201/219
f 277/201/220 278/201/220 568/201/220 567/201/220
f 263/201/221 264/201/221 543/201/221 544/201/221
f 276/201/222 277/201/222 567/201/222 566/201/222
f 262/201/223 263/201/223 544/201/223 545/201/223
f 275/201/224 276/201/224 566/201/224 565/201/224
f 261/201/225 262/201/225 545/201/225 546/201/225
f 274/201/226 275/201/226 565/201/226 564/201/226
f 260/201/227 261/201/227 546/201/227 547/201/227
f 273/201/228 274/201/228 564/201/228 563/201/228
f 259/201/229 260/201/229 547/201/229 548/201/229
f 272/201/230 273/201/230 563/201/230 562/201/230
f 258/201/231 259/201/231 548/201/231 549/201/231
f 271/201/232 272/201/232 562/201/232 561/201/232
f 257/201/233 258/201/233 549/201/233 550/201/233
f 270/201/234 271/201/234 561/201/234 560/201/234
f 480/201/235 477/201/235 339/201/235 340/201/235
f 481/201/236 478/201/236 326/201/236 327/201/236
f 482/201/237 480/201/237 340/201/237 341/201/237
f 483/201/238 481/201/238 327/201/238 328/201/238
f 484/201/239 482/201/239 341/201/239 342/201/239
f 485/201/240 483/201/240 328/201/240 329/201/240
f 486/201/241 484/201/241 342/201/241 343/201/241
f 487/201/242 485/201/242 329/201/242 330/201/242
f 488/201/243 479/201/243 316/201/243 317/201/243
f 489/201/244 486/201/244 343/201/244 344/201/244
f 490/201/245 487/201/245 330/201/245 331/201/245
f 491/201/246 488/201/246 317/201/246 318/201/246
f 492/201/247 489/201/247 344/201/247 345/201/247
f 493/201/248 490/201/248 331/201/248 332/201/248
f 494/201/249 491/201/249 318/201/249 319/201/249
f 495/201/250 492/201/250 345/201/250 346/201/250
f 496/201/251 493/201/251 332/201/251 333/201/251
f 497/201/252 494/201/252 319/201/252 320/201/252
f 498/201/253 495/201/253 346/201/253 347/201/253
f 499/201/254 496/201/254 333/201/254 334/201/254
f 500/201/255 497/201/255 320/201/255 321/201/255
f 479/201/256 498/201/256 347/201/256 316/201/256
f 501/201/257 499/201/257 334/201/257 335/201/257
f 502/201/258 500/201/258 321/201/258 322/201/258
f 503/201/259 501/201/259 335/201/259 336/201/259
f 504/201/260 502/201/260 322/201/260 323/201/260
f 505/201/261 503/201/261 336/201/261 337/201/261
f 506/201/262 504/201/262 323/201/262 324/201/262
f 507/201/263 505/201/263 337/201/263 338/201/263
f 508/201/264 506/201/264 324/201/264 325/201/264
f 477/201/265 507/201/265 338/201/265 339/201/265
f 478/201/266 508/201/266 325/201/266 326/201/266
f 316/201/267 347/201/267 348/201/267
f 335/201/267 334/201/267 348/201/267
f 322/201/267 321/201/267 348/201/267
f 336/201/268 335/201/268 348/201/268
f 323/201/267 322/201/267 348/201/267
f 337/201/267 336/201/267 348/201/267
f 324/201/267 323/201/267 348/201/267
f 338/201/268 337/201/268 348/201/268
f 325/201/268 324/201/268 348/201/268
f 339/201/267 338/201/267 348/201/267
f 326/201/267 325/201/267 348/201/267
f 340/201/267 339/201/267 348/201/267
f 327/201/268 326/201/268 348/201/268
f 341/201/267 340/201/267 348/201/267
f 328/201/268 327/201/268 348/201/268
f 342/201/267 341/201/267 348/201/267
f 329/201/269 328/201/269 348/201/269
f 343/201/267 342/201/267 348/201/267
f 330/201/268 329/201/268 348/201/268
f 317/201/267 316/201/267 348/201/267
f 344/201/267 343/201/267 348/201/267
f 331/201/270 330/201/270 348/201/270
f 318/201/267 317/201/267 348/201/267
f 345/201/267 344/201/267 348/201/267
f 332/201/268 331/201/268 348/201/268
f 319/201/267 318/201/267 348/201/267
f 346/201/267 345/201/267 348/201/267
f 333/201/268 332/201/268 348/201/268
f 320/201/268 319/201/268 348/201/268
f 347/201/267 346/201/267 348/201/267
f 334/201/267 333/201/267 348/201/267
f 321/201/267 320/201/267 348/201/267
f 243/201/226 242/201/226 291/201/226 290/201/226
f 230/201/225 229/201/225 304/201/225 303/201/225
f 244/201/224 243/201/224 290/201/224 289/201/224
f 231/201/223 230/201/223 303/201/223 302/201/223
f 245/201/222 244/201/222 289/201/222 288/201/222
f 232/201/221 231/201/221 302/201/221 301/201/221
f 246/201/220 245/201/220 288/201/220 287/201/220
f 233/201/219 232/201/219 301/201/219 300/201/219
f 220/201/218 219/201/218 314/201/218 313/201/218
f 247/201/217 246/201/217 287/201/217 286/201/217
f 234/201/216 233/201/216 300/201/216 299/201/216
f 221/201/215 220/201/215 313/201/215 312/201/215
f 248/201/214 247/201/214 286/201/214 285/201/214
f 235/201/213 234/201/213 299/201/213 298/201/213
f 222/201/212 221/201/212 312/201/212 311/201/212
f 249/201/211 248/201/211 285/201/211 284/201/211
f 236/201/210 235/201/210 298/201/210 297/201/210
f 223/201/209 222/201/209 311/201/209 310/201/209
f 250/201/208 249/201/208 284/201/208 315/201/208
f 237/201/207 236/201/207 297/201/207 296/201/207
f 224/201/206 223/201/206 310/201/206 309/201/206
f 219/201/205 250/201/205 315/201/205 314/201/205
f 238/201/204 237/201/204 296/201/204 295/201/204
f 225/201/203 224/201/203 309/201/203 308/201/203
f 239/201/234 238/201/234 295/201/234 294/201/234
f 226/201/233 225/201/233 308/201/233 307/201/233
f 240/201/232 239/201/232 294/201/232 293/201/232
f 227/201/271 226/201/271 307/201/271 306/201/271
f 241/201/230 240/201/230 293/201/230 292/201/230
f 228/201/229 227/201/229 306/201/229 305/201/229
f 242/201/228 241/201/228 292/201/228 291/201/228
f 229/201/227 228/201/227 305/201/227 304/201/227
f 475/201/272 473/201/272 412/201/272 383/201/272
f 416/201/273 379/201/273 380/201/273 415/201/273
f 417/201/274 377/201/274 378/201/274 414/201/274
f 418/201/275 376/201/275 379/201/275 416/201/275
f 419/201/276 375/201/276 377/201/276 417/201/276
f 420/201/277 374/201/277 376/201/277 418/201/277
f 421/201/278 373/201/278 375/201/278 419/201/278
f 422/201/279 372/201/279 374/201/279 420/201/279
f 423/201/280 371/201/280 373/201/280 421/201/280
f 424/201/281 369/201/281 370/201/281 413/201/281
f 425/201/282 368/201/282 372/201/282 422/201/282
f 426/201/283 367/201/283 371/201/283 423/201/283
f 427/201/284 366/201/284 369/201/284 424/201/284
f 428/201/285 365/201/285 368/201/285 425/201/285
f 429/201/286 364/201/286 367/201/286 426/201/286
f 430/201/287 363/201/287 366/201/287 427/201/287
f 431/201/288 362/201/288 365/201/288 428/201/288
f 432/201/289 361/201/289 364/201/289 429/201/289
f 433/201/290 360/201/290 363/201/290 430/201/290
f 434/201/291 359/201/291 362/201/291 431/201/291
f 435/201/292 358/201/292 361/201/292 432/201/292
f 436/201/293 357/201/293 360/201/293 433/201/293
f 413/201/294 370/201/294 359/201/294 434/201/294
f 437/201/295 356/201/295 358/201/295 435/201/295
f 438/201/296 355/201/296 357/201/296 436/201/296
f 439/201/297 354/201/297 356/201/297 437/201/297
f 440/201/298 353/201/298 355/201/298 438/201/298
f 441/201/299 352/201/299 354/201/299 439/201/299
f 442/201/300 351/201/300 353/201/300 440/201/300
f 443/201/301 350/201/301 352/201/301 441/201/301
f 444/201/302 349/201/302 351/201/302 442/201/302
f 415/201/303 380/201/303 350/201/303 443/201/303
f 539/201/304 261/201/304 260/201/304 509/201/304
f 474/201/305 472/201/305 411/201/305 381/201/305
f 473/201/306 471/201/306 410/201/306 412/201/306
f 472/201/307 470/201/307 409/201/307 411/201/307
f 471/201/308 469/201/308 408/201/308 410/201/308
f 470/201/309 468/201/309 407/201/309 409/201/309
f 469/201/310 467/201/310 406/201/310 408/201/310
f 468/201/311 466/201/311 405/201/311 407/201/311
f 467/201/312 465/201/312 404/201/312 406/201/312
f 466/201/313 464/201/313 403/201/313 405/201/313
f 476/201/314 463/201/314 402/201/314 391/201/314
f 465/201/315 462/201/315 401/201/315 404/201/315
f 464/201/316 461/201/316 400/201/316 403/201/316
f 463/201/317 460/201/317 399/201/317 402/201/317
f 462/201/318 459/201/318 398/201/318 401/201/318
f 461/201/319 458/201/319 397/201/319 400/201/319
f 460/201/320 457/201/320 396/201/320 399/201/320
f 459/201/321 456/201/321 395/201/321 398/201/321
f 458/201/322 455/201/322 394/201/322 397/201/322
f 457/201/323 454/201/323 393/201/323 396/201/323
f 456/201/324 453/201/324 392/201/324 395/201/324
f 455/201/325 452/201/325 390/201/325 394/201/325
f 454/201/326 451/201/326 389/201/326 393/201/326
f 453/201/327 476/201/327 391/201/327 392/201/327
f 452/201/328 450/201/328 388/201/328 390/201/328
f 451/201/329 449/201/329 387/201/329 389/201/329
f 450/201/330 448/201/330 386/201/330 388/201/330
f 449/201/331 447/201/331 385/201/331 387/201/331
f 448/201/332 446/201/332 384/201/332 386/201/332
f 447/201/333 445/201/333 382/201/333 385/201/333
f 446/201/334 475/201/334 383/201/334 384/201/334
f 445/201/335 474/201/335 381/201/335 382/201/335
f 242/201/336 415/201/336 443/201/336 241/201/336
f 228/201/337 444/201/337 442/201/337 227/201/337
f 241/201/338 443/201/338 441/201/338 240/201/338
f 227/201/339 442/201/339 440/201/339 226/201/339
f 240/201/340 441/201/340 439/201/340 239/201/340
f 226/201/341 440/201/341 438/201/341 225/201/341
f 239/201/342 439/201/342 437/201/342 238/201/342
f 225/201/343 438/201/343 436/201/343 224/201/343
f 238/201/344 437/201/344 435/201/344 237/201/344
f 219/201/345 413/201/345 434/201/345 250/201/345
f 224/201/346 436/201/346 433/201/346 223/201/346
f 237/201/347 435/201/347 432/201/347 236/201/347
f 250/201/348 434/201/348 431/201/348 249/201/348
f 223/201/349 433/201/349 430/201/349 222/201/349
f 236/201/350 432/201/350 429/201/350 235/201/350
f 249/201/351 431/201/351 428/201/351 248/201/351
f 222/201/352 430/201/352 427/201/352 221/201/352
f 235/201/353 429/201/353 426/201/353 234/201/353
f 248/201/354 428/201/354 425/201/354 247/201/354
f 221/201/355 427/201/355 424/201/355 220/201/355
f 234/201/356 426/201/356 423/201/356 233/201/356
f 247/201/357 425/201/357 422/201/357 246/201/357
f 220/201/358 424/201/358 413/201/358 219/201/358
f 233/201/359 423/201/359 421/201/359 232/201/359
f 246/201/360 422/201/360 420/201/360 245/201/360
f 232/201/361 421/201/361 419/201/361 231/201/361
f 245/201/362 420/201/362 418/201/362 244/201/362
f 231/201/363 419/201/363 417/201/363 230/201/363
f 244/201/364 418/201/364 416/201/364 243/201/364
f 230/201/365 417/201/365 414/201/365 229/201/365
f 243/201/366 416/201/366 415/201/366 242/201/366
f 229/201/367 414/201/367 444/201/367 228/201/367
f 290/201/368 291/201/368 474/201/368 445/201/368
f 303/201/369 304/201/369 475/201/369 446/201/369
f 289/201/370 290/201/370 445/201/370 447/201/370
f 302/201/371 303/201/371 446/201/371 448/201/371
f 288/201/372 289/201/372 447/201/372 449/201/372
f 301/201/373 302/201/373 448/201/373 450/201/373
f 287/201/374 288/201/374 449/201/374 451/201/374
f 300/201/375 301/201/375 450/201/375 452/201/375
f 313/201/376 314/201/376 476/201/376 453/201/376
f 286/201/377 287/201/377 451/201/377 454/201/377
f 299/201/378 300/201/378 452/201/378 455/201/378
f 312/201/379 313/201/379 453/201/379 456/201/379
f 285/201/380 286/201/380 454/201/380 457/201/380
f 298/201/381 299/201/381 455/201/381 458/201/381
f 311/201/382 312/201/382 456/201/382 459/201/382
f 284/201/383 285/201/383 457/201/383 460/201/383
f 297/201/384 298/201/384 458/201/384 461/201/384
f 310/201/385 311/201/385 459/201/385 462/201/385
f 315/201/386 284/201/386 460/201/386 463/201/386
f 296/201/387 297/201/387 461/201/387 464/201/387
f 309/201/388 310/201/388 462/201/388 465/201/388
f 314/201/389 315/201/389 463/201/389 476/201/389
f 295/201/390 296/201/390 464/201/390 466/201/390
f 308/201/391 309/201/391 465/201/391 467/201/391
f 294/201/392 295/201/392 466/201/392 468/201/392
f 307/201/393 308/201/393 467/201/393 469/201/393
f 293/201/394 294/201/394 468/201/394 470/201/394
f 306/201/395 307/201/395 469/201/395 471/201/395
f 292/201/396 293/201/396 470/201/396 472/201/396
f 305/201/397 306/201/397 471/201/397 473/201/397
f 291/201/398 292/201/398 472/201/398 474/201/398
f 304/201/399 305/201/399 473/201/399 475/201/399
f 383/201/400 412/201/400 508/201/400 478/201/400
f 381/201/401 411/201/401 507/201/401 477/201/401
f 412/201/402 410/201/402 506/201/402 508/201/402
f 411/201/403 409/201/403 505/201/403 507/201/403
f 410/201/404 408/201/404 504/201/404 506/201/404
f 409/201/405 407/201/405 503/201/405 505/201/405
f 408/201/406 406/201/406 502/201/406 504/201/406
f 407/201/407 405/201/407 501/201/407 503/201/407
f 406/201/408 404/201/408 500/201/408 502/201/408
f 405/201/409 403/201/409 499/201/409 501/201/409
f 391/201/410 402/201/410 498/201/410 479/201/410
f 404/201/411 401/201/411 497/201/411 500/201/411
f 403/201/412 400/201/412 496/201/412 499/201/412
f 402/201/413 399/201/413 495/201/413 498/201/413
f 401/201/414 398/201/414 494/201/414 497/201/414
f 400/201/415 397/201/415 493/201/415 496/201/415
f 399/201/416 396/201/416 492/201/416 495/201/416
f 398/201/417 395/201/417 491/201/417 494/201/417
f 397/201/418 394/201/418 490/201/418 493/201/418
f 396/201/419 393/201/419 489/201/419 492/201/419
f 395/201/420 392/201/420 488/201/420 491/201/420
f 394/201/421 390/201/421 487/201/421 490/201/421
f 393/201/422 389/201/422 486/201/422 489/201/422
f 392/201/423 391/201/423 479/201/423 488/201/423
f 390/201/424 388/201/424 485/201/424 487/201/424
f 389/201/425 387/201/425 484/201/425 486/201/425
f 388/201/426 386/201/426 483/201/426 485/201/426
f 387/201/427 385/201/427 482/201/427 484/201/427
f 386/201/428 384/201/428 481/201/428 483/201/428
f 385/201/429 382/201/429 480/201/429 482/201/429
f 384/201/430 383/201/430 478/201/430 481/201/430
f 382/201/431 381/201/431 477/201/431 480/201/431
f 378/201/432 539/201/432 509/201/432 349/201/432
f 380/201/433 538/201/433 510/201/433 350/201/433
f 349/201/434 509/201/434 511/201/434 351/201/434
f 350/201/435 510/201/435 512/201/435 352/201/435
f 351/201/436 511/201/436 513/201/436 353/201/436
f 352/201/437 512/201/437 514/201/437 354/201/437
f 353/201/438 513/201/438 515/201/438 355/201/438
f 354/201/439 514/201/439 516/201/439 356/201/439
f 355/201/440 515/201/440 517/201/440 357/201/440
f 356/201/441 516/201/441 518/201/441 358/201/441
f 370/201/442 540/201/442 519/201/442 359/201/442
f 357/201/443 517/201/443 520/201/443 360/201/443
f 358/201/444 518/201/444 521/201/444 361/201/444
f 359/201/445 519/201/445 522/201/445 362/201/445
f 360/201/446 520/201/446 523/201/446 363/201/446
f 361/201/447 521/201/447 524/201/447 364/201/447
f 362/201/448 522/201/448 525/201/448 365/201/448
f 363/201/449 523/201/449 526/201/449 366/201/449
f 364/201/450 524/201/450 527/201/450 367/201/450
f 365/201/451 525/201/451 528/201/451 368/201/451
f 366/201/452 526/201/452 529/201/452 369/201/452
f 367/201/453 527/201/453 530/201/453 371/201/453
f 368/201/454 528/201/454 531/201/454 372/201/454
f 369/201/455 529/201/455 540/201/455 370/201/455
f 371/201/456 530/201/456 532/201/456 373/201/456
f 372/201/457 531/201/457 533/201/457 374/201/457
f 373/201/458 532/201/458 534/201/458 375/201/458
f 374/201/459 533/201/459 535/201/459 376/201/459
f 375/201/460 534/201/460 536/201/460 377/201/460
f 376/201/461 535/201/461 537/201/461 379/201/461
f 377/201/462 536/201/462 539/201/462 378/201/462
f 379/201/463 537/201/463 538/201/463 380/201/463
f 560/201/464 561/201/464 591/201/464 582/201/464
f 546/201/465 545/201/465 584/201/465 579/201/465
f 555/201/466 556/201/466 596/201/466 597/201/466
f 559/201/467 560/201/467 582/201/467 583/201/467
f 556/201/468 554/201/468 595/201/468 596/201/468
f 548/201/469 547/201/469 580/201/469 575/201/469
f 554/201/470 553/201/470 594/201/470 595/201/470
f 557/201/471 558/201/471 581/201/471 576/201/471
f 553/201/472 552/201/472 593/201/472 594/201/472
f 572/201/473 555/201/473 597/201/473 604/201/473
f 547/201/474 546/201/474 579/201/474 580/201/474
f 552/201/475 551/201/475 592/201/475 593/201/475
f 571/201/476 572/201/476 604/201/476 603/201/476
f 542/201/477 541/201/477 577/201/477 578/201/477
f 551/201/478 550/201/478 574/201/478 592/201/478
f 570/201/479 571/201/479 603/201/479 602/201/479
f 541/201/480 557/201/480 576/201/480 577/201/480
f 561/201/481 562/201/481 590/201/481 591/201/481
f 569/201/482 570/201/482 602/201/482 601/201/482
f 549/201/483 548/201/483 575/201/483 283/201/483
f 543/201/484 542/201/484 578/201/484 585/201/484
f 568/201/485 569/201/485 601/201/485 600/201/485
f 550/201/486 549/201/486 283/201/486 574/201/486
f 563/201/487 564/201/487 588/201/487 589/201/487
f 567/201/488 568/201/488 600/201/488 599/201/488
f 545/201/489 544/201/489 586/201/489 584/201/489
f 566/201/490 567/201/490 599/201/490 598/201/490
f 564/201/491 565/201/491 587/201/491 588/201/491
f 565/201/492 566/201/492 598/201/492 587/201/492
f 544/201/493 543/201/493 585/201/493 586/201/493
f 562/201/494 563/201/494 589/201/494 590/201/494
f 558/201/495 559/201/495 583/201/495 581/201/495
f 598/201/222 599/201/222 630/201/222 629/201/222
f 588/201/496 587/201/496 618/201/496 619/201/496
f 587/201/497 598/201/497 629/201/497 618/201/497
f 586/201/221 585/201/221 616/201/221 617/201/221
f 590/201/230 589/201/230 620/201/230 621/201/230
f 581/201/207 583/201/207 614/201/207 612/201/207
f 582/201/234 591/201/234 622/201/234 613/201/234
f 579/201/498 584/201/498 615/201/498 610/201/498
f 597/201/218 596/201/218 627/201/218 628/201/218
f 583/201/204 582/201/204 613/201/204 614/201/204
f 596/201/215 595/201/215 626/201/215 627/201/215
f 575/201/229 580/201/229 611/201/229 606/201/229
f 595/201/212 594/201/212 625/201/212 626/201/212
f 576/201/210 581/201/210 612/201/210 607/201/210
f 594/201/209 593/201/209 624/201/209 625/201/209
f 604/201/499 597/201/499 628/201/499 635/201/499
f 580/201/227 579/201/227 610/201/227 611/201/227
f 593/201/206 592/201/206 623/201/206 624/201/206
f 603/201/500 604/201/500 635/201/500 634/201/500
f 578/201/216 577/201/216 608/201/216 609/201/216
f 592/201/203 574/201/203 605/201/203 623/201/203
f 602/201/211 603/201/211 634/201/211 633/201/211
f 577/201/501 576/201/501 607/201/501 608/201/501
f 591/201/232 590/201/232 621/201/232 622/201/232
f 601/201/214 602/201/214 633/201/214 632/201/214
f 283/201/231 575/201/231 606/201/231 573/201/231
f 585/201/219 578/201/219 609/201/219 616/201/219
f 600/201/217 601/201/217 632/201/217 631/201/217
f 574/201/233 283/201/233 573/201/233 605/201/233
f 589/201/228 588/201/228 619/201/228 620/201/228
f 599/201/502 600/201/502 631/201/502 630/201/502
f 584/201/223 586/201/223 617/201/223 615/201/223
f 622/201/503 636/201/503 613/201/503
f 606/201/503 636/201/503 573/201/503
f 613/201/504 636/201/504 614/201/504
f 620/201/504 636/201/504 621/201/504
f 605/201/503 636/201/503 623/201/503
f 573/201/504 636/201/504 605/201/504
f 611/201/503 636/201/503 606/201/503
f 621/201/504 636/201/504 622/201/504
f 619/201/503 636/201/503 620/201/503
f 628/201/503 636/201/503 635/201/503
f 610/201/503 636/201/503 611/201/503
f 618/201/505 636/201/505 619/201/505
f 615/201/503 636/201/503 610/201/503
f 629/201/503 636/201/503 618/201/503
f 617/201/504 636/201/504 615/201/504
f 630/201/504 636/201/504 629/201/504
f 616/201/506 636/201/506 617/201/506
f 631/201/504 636/201/504 630/201/504
f 609/201/503 636/201/503 616/201/503
f 627/201/503 636/201/503 628/201/503
f 632/201/506 636/201/506 631/201/506
f 608/201/507 636/201/507 609/201/507
f 626/201/507 636/201/507 627/201/507
f 633/201/504 636/201/504 632/201/504
f 607/201/503 636/201/503 608/201/503
f 625/201/504 636/201/504 626/201/504
f 634/201/503 636/201/503 633/201/503
f 612/201/503 636/201/503 607/201/503
f 624/201/503 636/201/503 625/201/503
f 635/201/504 636/201/504 634/201/504
f 614/201/503 636/201/503 612/201/503
f 623/201/503 636/201/503 624/201/503
f 637/132/158 638/185/158 640/186/158 639/187/158
f 639/187/128 640/186/128 642/198/128 641/9/128
f 641/9/140 642/198/140 644/175/140 643/24/140
f 643/24/142 644/175/142 646/176/142 645/46/142
f 645/46/157 646/176/157 648/196/157 647/67/157
f 647/67/124 648/196/124 650/197/124 649/88/124
f 640/177/170 638/178/170 652/179/170 650/180/170 648/181/170 646/182/170 644/183/170 642/184/170
f 649/88/136 650/197/136 652/199/136 651/113/136
f 651/113/147 652/199/147 638/200/147 637/109/147
f 637/188/81 639/189/81 641/190/81 643/191/81 645/192/81 647/193/81 649/194/81 651/195/81
o segements
v 2.956101 0.041003 -3.816684
v 2.922667 -0.003172 -3.853652
v 2.709703 -0.003172 -4.002771
v 2.663529 0.041003 -4.021545
v 2.630333 0.271227 -3.974137
v 2.663739 0.315603 -3.937128
v 2.876703 0.315603 -3.788009
v 2.922905 0.271227 -3.769276
v 3.189445 1.238313 -4.115098
v 3.057309 1.238313 -4.272572
v 2.931936 0.008654 -4.093522
v 3.201344 1.238313 -4.478275
v 2.991344 0.008654 -4.022721
v 3.417034 1.238313 -4.221224
v 3.007393 0.008654 -3.931703
v 3.475303 1.238313 -3.890766
v 2.975782 0.008654 -3.844854
v 3.360536 1.238313 -3.575446
v 2.904983 0.008654 -3.785446
v 3.103486 1.238313 -3.359756
v 2.813964 0.008654 -3.769397
v 2.773027 1.238313 -3.301487
v 2.727115 0.008654 -3.801008
v 2.457708 1.238313 -3.416254
v 2.667707 0.008654 -3.871808
v 2.242017 1.238313 -3.673304
v 2.651658 0.008654 -3.962826
v 2.183748 1.238313 -4.003763
v 2.683269 0.008654 -4.049674
v 2.298515 1.238313 -4.319082
v 2.754069 0.008654 -4.109083
v 2.555566 1.238313 -4.534773
v 2.845087 0.008654 -4.125132
v 2.886024 1.238313 -4.593042
v 3.225142 1.238313 -3.912652
v 3.154833 1.238313 -3.719481
v 2.997359 1.238313 -3.587345
v 2.794914 1.238313 -3.551648
v 2.601743 1.238313 -3.621957
v 2.469606 1.238313 -3.779431
v 2.433910 1.238313 -3.981877
v 2.504218 1.238313 -4.175047
v 2.661692 1.238313 -4.307184
v 2.864138 1.238313 -4.342880
v 2.886024 1.506490 -4.593042
v 2.810807 0.964320 -3.733312
v 2.706339 0.964320 -3.771335
v 3.417034 1.506490 -4.221224
v 2.634878 0.964320 -3.856499
v 3.475303 1.506490 -3.890766
v 2.615573 0.964320 -3.965983
v 3.103486 1.506490 -3.359756
v 2.653596 0.964320 -4.070451
v 2.738760 0.964320 -4.141912
v 2.773027 1.506490 -3.301487
v 2.848244 0.964320 -4.161217
v 2.183748 1.506490 -4.003763
v 2.242017 1.506490 -3.673304
v 2.555566 1.506490 -4.534773
v 2.952713 0.964320 -4.123194
v 3.866518 1.157082 -3.856540
v 3.772950 1.157082 -4.387190
v 2.738801 1.157082 -2.910272
v 3.269452 1.157082 -3.003840
v 1.792533 1.157082 -4.037990
v 1.886101 1.157082 -3.507339
v 2.920251 1.157082 -4.984257
v 2.389600 1.157082 -4.890689
v 3.866518 1.587721 -3.856540
v 3.772950 1.587721 -4.387190
v 2.738801 1.587721 -2.910272
v 3.269452 1.587721 -3.003840
v 1.792533 1.587721 -4.037990
v 1.886101 1.587721 -3.507339
v 2.920251 1.587721 -4.984257
v 2.389600 1.587721 -4.890689
v 4.188488 1.090229 -3.828371
v 4.065868 1.090229 -4.523780
v 2.710632 1.090229 -2.588303
v 3.406042 1.090229 -2.710922
v 1.470564 1.090229 -4.066158
v 1.593184 1.090229 -3.370749
v 2.948419 1.090229 -5.306226
v 2.253010 1.090229 -5.183607
v 4.188488 1.654575 -3.828371
v 4.065868 1.654575 -4.523780
v 2.710632 1.654575 -2.588303
v 3.406042 1.654575 -2.710922
v 1.470564 1.654575 -4.066158
v 1.593184 1.654575 -3.370749
v 2.948419 1.654575 -5.306226
v 2.253010 1.654575 -5.183607
v 3.866518 -0.012425 -3.856540
v 3.772950 -0.012425 -4.387190
v 2.738801 -0.012425 -2.910272
v 3.269452 -0.012425 -3.003840
v 1.792533 -0.012425 -4.037990
v 1.886101 -0.012425 -3.507339
v 2.920251 -0.012425 -4.984257
v 2.389600 -0.012425 -4.890689
v 4.188488 -0.012425 -3.828371
v 4.065868 -0.012425 -4.523780
v 2.710632 -0.012425 -2.588303
v 3.406042 -0.012425 -2.710922
v 1.470564 -0.012425 -4.066158
v 1.593184 -0.012425 -3.370749
v 2.948419 -0.012425 -5.306226
v 2.253010 -0.012425 -5.183607
v 2.870700 1.506490 -4.417887
v 2.864138 1.433763 -4.342880
v 2.661692 1.433763 -4.307184
v 2.629872 1.506490 -4.375422
v 3.189445 1.433763 -4.115098
v 3.257684 1.506490 -4.146918
v 2.997359 1.433763 -3.587345
v 3.029179 1.506490 -3.519107
v 2.358903 1.506490 -3.988439
v 2.433910 1.433763 -3.981877
v 2.469606 1.433763 -3.779431
v 2.401368 1.506490 -3.747611
v 2.788352 1.506490 -3.476642
v 2.794914 1.433763 -3.551648
v 3.300148 1.506490 -3.906090
v 3.225142 1.433763 -3.912652
v 2.920291 0.964320 -3.752617
v 3.005455 0.964320 -3.824077
v 3.043478 0.964320 -3.928546
v 3.024173 0.964320 -4.038030
v 3.173238 1.110031 -4.438137
v 3.372625 1.110031 -4.200515
v 3.426489 1.110031 -3.895037
v 3.320397 1.110031 -3.603552
v 3.082777 1.110031 -3.404165
v 2.777298 1.110031 -3.350301
v 2.485813 1.110031 -3.456392
v 2.286426 1.110031 -3.694013
v 2.232562 1.110031 -3.999492
v 2.338654 1.110031 -4.290976
v 2.576274 1.110031 -4.490364
v 2.881753 1.110031 -4.544228
v 0.965463 0.054441 -1.596455
v 1.017837 0.011072 -1.586537
v 0.925441 0.329847 -1.454582
v 0.898348 0.285993 -1.500606
v 1.677768 0.686100 -2.613733
v 1.716883 0.630973 -2.584878
v 1.629061 0.949749 -2.459455
v 1.601467 0.905429 -2.504764
v 1.230801 0.011072 -1.437418
v 1.258035 0.054441 -1.391594
v 1.190921 0.285993 -1.295745
v 1.138406 0.329847 -1.305463
v 1.929848 0.630973 -2.435759
v 1.970341 0.686100 -2.408872
v 1.894040 0.905429 -2.299903
v 1.842026 0.949749 -2.310336
v 1.750443 0.905365 -2.717524
v 1.802114 0.949749 -2.706600
v 2.043015 0.905365 -2.512662
v 2.015078 0.949749 -2.557481
v 2.394489 0.271227 -3.637316
v 2.446157 0.315603 -3.626390
v 2.360927 -0.003172 -3.504668
v 2.332934 0.041003 -3.549407
v 2.625506 0.041003 -3.344546
v 2.573891 -0.003172 -3.355548
v 2.659122 0.315603 -3.477270
v 2.687061 0.271227 -3.432455
v 1.968537 0.929000 -2.406296
v 1.928552 0.977223 -2.433909
v 1.675964 0.929000 -2.611157
v 1.715588 0.977223 -2.583028
v 1.971815 0.973559 -2.495695
v 2.005774 0.925845 -2.459476
v 1.758851 0.973559 -2.644814
v 1.713202 0.925845 -2.664337
v 1.672324 0.973559 -2.521242
v 1.638722 0.925882 -2.557969
v 1.885289 0.973559 -2.372123
v 1.931294 0.925882 -2.353108
v 2.931936 -1.054539 -4.093522
v 2.991344 -1.054539 -4.022721
v 3.007393 -1.054539 -3.931703
v 2.975782 -1.054539 -3.844854
v 2.904983 -1.054539 -3.785446
v 2.813964 -1.054539 -3.769397
v 2.727115 -1.054539 -3.801008
v 2.667707 -1.054539 -3.871808
v 2.651658 -1.054539 -3.962826
v 2.683269 -1.054539 -4.049674
v 2.754069 -1.054539 -4.109083
v 2.845087 -1.054539 -4.125132
v 3.866518 -1.075618 -3.856540
v 3.772950 -1.075618 -4.387190
v 2.738801 -1.075618 -2.910272
v 3.269452 -1.075618 -3.003840
v 1.792533 -1.075618 -4.037990
v 1.886101 -1.075618 -3.507339
v 2.920251 -1.075618 -4.984257
v 2.389600 -1.075618 -4.890689
v 4.188488 -1.075618 -3.828371
v 4.065868 -1.075618 -4.523780
v 2.710632 -1.075618 -2.588303
v 3.406042 -1.075618 -2.710922
v 1.470564 -1.075618 -4.066158
v 1.593184 -1.075618 -3.370749
v 2.948419 -1.075618 -5.306226
v 2.253010 -1.075618 -5.183607
v -2.956101 0.041003 -3.816684
v -2.922667 -0.003172 -3.853652
v -2.709703 -0.003172 -4.002771
v -2.663529 0.041003 -4.021545
v -2.630333 0.271227 -3.974137
v -2.663739 0.315603 -3.937128
v -2.876703 0.315603 -3.788009
v -2.922905 0.271227 -3.769276
v -3.189445 1.238313 -4.115098
v -3.057309 1.238313 -4.272572
v -2.931936 0.008654 -4.093522
v -3.201344 1.238313 -4.478275
v -2.991344 0.008654 -4.022721
v -3.417034 1.238313 -4.221224
v -3.007393 0.008654 -3.931703
v -3.475303 1.238313 -3.890766
v -2.975782 0.008654 -3.844854
v -3.360536 1.238313 -3.575446
v -2.904983 0.008654 -3.785446
v -3.103486 1.238313 -3.359756
v -2.813964 0.008654 -3.769397
v -2.773027 1.238313 -3.301487
v -2.727115 0.008654 -3.801008
v -2.457708 1.238313 -3.416254
v -2.667707 0.008654 -3.871808
v -2.242017 1.238313 -3.673304
v -2.651658 0.008654 -3.962826
v -2.183748 1.238313 -4.003763
v -2.683269 0.008654 -4.049674
v -2.298515 1.238313 -4.319082
v -2.754069 0.008654 -4.109083
v -2.555566 1.238313 -4.534773
v -2.845087 0.008654 -4.125132
v -2.886024 1.238313 -4.593042
v -3.225142 1.238313 -3.912652
v -3.154833 1.238313 -3.719481
v -2.997359 1.238313 -3.587345
v -2.794914 1.238313 -3.551648
v -2.601743 1.238313 -3.621957
v -2.469606 1.238313 -3.779431
v -2.433910 1.238313 -3.981877
v -2.504218 1.238313 -4.175047
v -2.661692 1.238313 -4.307184
v -2.864138 1.238313 -4.342880
v -2.886024 1.506490 -4.593042
v -2.810807 0.964320 -3.733312
v -2.706339 0.964320 -3.771335
v -3.417034 1.506490 -4.221224
v -2.634878 0.964320 -3.856499
v -3.475303 1.506490 -3.890766
v -2.615573 0.964320 -3.965983
v -3.103486 1.506490 -3.359756
v -2.653596 0.964320 -4.070451
v -2.738760 0.964320 -4.141912
v -2.773027 1.506490 -3.301487
v -2.848244 0.964320 -4.161217
v -2.183748 1.506490 -4.003763
v -2.242017 1.506490 -3.673304
v -2.555566 1.506490 -4.534773
v -2.952713 0.964320 -4.123194
v -3.866518 1.157082 -3.856540
v -3.772950 1.157082 -4.387190
v -2.738801 1.157082 -2.910272
v -3.269452 1.157082 -3.003840
v -1.792533 1.157082 -4.037990
v -1.886101 1.157082 -3.507339
v -2.920251 1.157082 -4.984257
v -2.389600 1.157082 -4.890689
v -3.866518 1.587721 -3.856540
v -3.772950 1.587721 -4.387190
v -2.738801 1.587721 -2.910272
v -3.269452 1.587721 -3.003840
v -1.792533 1.587721 -4.037990
v -1.886101 1.587721 -3.507339
v -2.920251 1.587721 -4.984257
v -2.389600 1.587721 -4.890689
v -4.188488 1.090229 -3.828371
v -4.065868 1.090229 -4.523780
v -2.710632 1.090229 -2.588303
v -3.406042 1.090229 -2.710922
v -1.470564 1.090229 -4.066158
v -1.593184 1.090229 -3.370749
v -2.948419 1.090229 -5.306226
v -2.253010 1.090229 -5.183607
v -4.188488 1.654575 -3.828371
v -4.065868 1.654575 -4.523780
v -2.710632 1.654575 -2.588303
v -3.406042 1.654575 -2.710922
v -1.470564 1.654575 -4.066158
v -1.593184 1.654575 -3.370749
v -2.948419 1.654575 -5.306226
v -2.253010 1.654575 -5.183607
v -3.866518 -0.012425 -3.856540
v -3.772950 -0.012425 -4.387190
v -2.738801 -0.012425 -2.910272
v -3.269452 -0.012425 -3.003840
v -1.792533 -0.012425 -4.037990
v -1.886101 -0.012425 -3.507339
v -2.920251 -0.012425 -4.984257
v -2.389600 -0.012425 -4.890689
v -4.188488 -0.012425 -3.828371
v -4.065868 -0.012425 -4.523780
v -2.710632 -0.012425 -2.588303
v -3.406042 -0.012425 -2.710922
v -1.470564 -0.012425 -4.066158
v -1.593184 -0.012425 -3.370749
v -2.948419 -0.012425 -5.306226
v -2.253010 -0.012425 -5.183607
v -2.870700 1.506490 -4.417887
v -2.864138 1.433763 -4.342880
v -2.661692 1.433763 -4.307184
v -2.629872 1.506490 -4.375422
v -3.189445 1.433763 -4.115098
v -3.257684 1.506490 -4.146918
v -2.997359 1.433763 -3.587345
v -3.029179 1.506490 -3.519107
v -2.358903 1.506490 -3.988439
v -2.433910 1.433763 -3.981877
v -2.469606 1.433763 -3.779431
v -2.401368 1.506490 -3.747611
v -2.788352 1.506490 -3.476642
v -2.794914 1.433763 -3.551648
v -3.300148 1.506490 -3.906090
v -3.225142 1.433763 -3.912652
v -2.920291 0.964320 -3.752617
v -3.005455 0.964320 -3.824077
v -3.043478 0.964320 -3.928546
v -3.024173 0.964320 -4.038030
v -3.173238 1.110031 -4.438137
v -3.372625 1.110031 -4.200515
v -3.426489 1.110031 -3.895037
v -3.320397 1.110031 -3.603552
v -3.082777 1.110031 -3.404165
v -2.777298 1.110031 -3.350301
v -2.485813 1.110031 -3.456392
v -2.286426 1.110031 -3.694013
v -2.232562 1.110031 -3.999492
v -2.338654 1.110031 -4.290976
v -2.576274 1.110031 -4.490364
v -2.881753 1.110031 -4.544228
v -0.965463 0.054441 -1.596455
v -1.017837 0.011072 -1.586537
v -0.925441 0.329847 -1.454582
v -0.898348 0.285993 -1.500606
v -1.677768 0.686100 -2.613733
v -1.716883 0.630973 -2.584878
v -1.629061 0.949749 -2.459455
v -1.601467 0.905429 -2.504764
v -1.230801 0.011072 -1.437418
v -1.258035 0.054441 -1.391594
v -1.190921 0.285993 -1.295745
v -1.138406 0.329847 -1.305463
v -1.929848 0.630973 -2.435759
v -1.970341 0.686100 -2.408872
v -1.894040 0.905429 -2.299903
v -1.842026 0.949749 -2.310336
v -1.750443 0.905365 -2.717524
v -1.802114 0.949749 -2.706600
v -2.043015 0.905365 -2.512662
v -2.015078 0.949749 -2.557481
v -2.394489 0.271227 -3.637316
v -2.446157 0.315603 -3.626390
v -2.360927 -0.003172 -3.504668
v -2.332934 0.041003 -3.549407
v -2.625506 0.041003 -3.344546
v -2.573891 -0.003172 -3.355548
v -2.659122 0.315603 -3.477270
v -2.687061 0.271227 -3.432455
v -1.968537 0.929000 -2.406296
v -1.928552 0.977223 -2.433909
v -1.675964 0.929000 -2.611157
v -1.715588 0.977223 -2.583028
v -1.971815 0.973559 -2.495695
v -2.005774 0.925845 -2.459476
v -1.758851 0.973559 -2.644814
v -1.713202 0.925845 -2.664337
v -1.672324 0.973559 -2.521242
v -1.638722 0.925882 -2.557969
v -1.885289 0.973559 -2.372123
v -1.931294 0.925882 -2.353108
v -2.931936 -1.054539 -4.093522
v -2.991344 -1.054539 -4.022721
v -3.007393 -1.054539 -3.931703
v -2.975782 -1.054539 -3.844854
v -2.904983 -1.054539 -3.785446
v -2.813964 -1.054539 -3.769397
v -2.727115 -1.054539 -3.801008
v -2.667707 -1.054539 -3.871808
v -2.651658 -1.054539 -3.962826
v -2.683269 -1.054539 -4.049674
v -2.754069 -1.054539 -4.109083
v -2.845087 -1.054539 -4.125132
v -3.866518 -1.075618 -3.856540
v -3.772950 -1.075618 -4.387190
v -2.738801 -1.075618 -2.910272
v -3.269452 -1.075618 -3.003840
v -1.792533 -1.075618 -4.037990
v -1.886101 -1.075618 -3.507339
v -2.920251 -1.075618 -4.984257
v -2.389600 -1.075618 -4.890689
v -4.188488 -1.075618 -3.828371
v -4.065868 -1.075618 -4.523780
v -2.710632 -1.075618 -2.588303
v -3.406042 -1.075618 -2.710922
v -1.470564 -1.075618 -4.066158
v -1.593184 -1.075618 -3.370749
v -2.948419 -1.075618 -5.306226
v -2.253010 -1.075618 -5.183607
v 2.956101 0.041003 3.816684
v 2.922667 -0.003172 3.853652
v 2.709703 -0.003172 4.002771
v 2.663529 0.041003 4.021545
v 2.630333 0.271227 3.974137
v 2.663739 0.315603 3.937128
v 2.876703 0.315603 3.788009
v 2.922905 0.271227 3.769276
v 3.189445 1.238313 4.115098
v 3.057309 1.238313 4.272572
v 2.931936 0.008654 4.093522
v 3.201344 1.238313 4.478275
v 2.991344 0.008654 4.022721
v 3.417034 1.238313 4.221224
v 3.007393 0.008654 3.931703
v 3.475303 1.238313 3.890766
v 2.975782 0.008654 3.844854
v 3.360536 1.238313 3.575446
v 2.904983 0.008654 3.785446
v 3.103486 1.238313 3.359756
v 2.813964 0.008654 3.769397
v 2.773027 1.238313 3.301487
v 2.727115 0.008654 3.801008
v 2.457708 1.238313 3.416254
v 2.667707 0.008654 3.871808
v 2.242017 1.238313 3.673304
v 2.651658 0.008654 3.962826
v 2.183748 1.238313 4.003763
v 2.683269 0.008654 4.049674
v 2.298515 1.238313 4.319082
v 2.754069 0.008654 4.109083
v 2.555566 1.238313 4.534773
v 2.845087 0.008654 4.125132
v 2.886024 1.238313 4.593042
v 3.225142 1.238313 3.912652
v 3.154833 1.238313 3.719481
v 2.997359 1.238313 3.587345
v 2.794914 1.238313 3.551648
v 2.601743 1.238313 3.621957
v 2.469606 1.238313 3.779431
v 2.433910 1.238313 3.981877
v 2.504218 1.238313 4.175047
v 2.661692 1.238313 4.307184
v 2.864138 1.238313 4.342880
v 2.886024 1.506490 4.593042
v 2.810807 0.964320 3.733312
v 2.706339 0.964320 3.771335
v 3.417034 1.506490 4.221224
v 2.634878 0.964320 3.856499
v 3.475303 1.506490 3.890766
v 2.615573 0.964320 3.965983
v 3.103486 1.506490 3.359756
v 2.653596 0.964320 4.070451
v 2.738760 0.964320 4.141912
v 2.773027 1.506490 3.301487
v 2.848244 0.964320 4.161217
v 2.183748 1.506490 4.003763
v 2.242017 1.506490 3.673304
v 2.555566 1.506490 4.534773
v 2.952713 0.964320 4.123194
v 3.866518 1.157082 3.856540
v 3.772950 1.157082 4.387190
v 2.738801 1.157082 2.910272
v 3.269452 1.157082 3.003840
v 1.792533 1.157082 4.037990
v 1.886101 1.157082 3.507339
v 2.920251 1.157082 4.984257
v 2.389600 1.157082 4.890689
v 3.866518 1.587721 3.856540
v 3.772950 1.587721 4.387190
v 2.738801 1.587721 2.910272
v 3.269452 1.587721 3.003840
v 1.792533 1.587721 4.037990
v 1.886101 1.587721 3.507339
v 2.920251 1.587721 4.984257
v 2.389600 1.587721 4.890689
v 4.188488 1.090229 3.828371
v 4.065868 1.090229 4.523780
v 2.710632 1.090229 2.588303
v 3.406042 1.090229 2.710922
v 1.470564 1.090229 4.066158
v 1.593184 1.090229 3.370749
v 2.948419 1.090229 5.306226
v 2.253010 1.090229 5.183607
v 4.188488 1.654575 3.828371
v 4.065868 1.654575 4.523780
v 2.710632 1.654575 2.588303
v 3.406042 1.654575 2.710922
v 1.470564 1.654575 4.066158
v 1.593184 1.654575 3.370749
v 2.948419 1.654575 5.306226
v 2.253010 1.654575 5.183607
v 3.866518 -0.012425 3.856540
v 3.772950 -0.012425 4.387190
v 2.738801 -0.012425 2.910272
v 3.269452 -0.012425 3.003840
v 1.792533 -0.012425 4.037990
v 1.886101 -0.012425 3.507339
v 2.920251 -0.012425 4.984257
v 2.389600 -0.012425 4.890689
v 4.188488 -0.012425 3.828371
v 4.065868 -0.012425 4.523780
v 2.710632 -0.012425 2.588303
v 3.406042 -0.012425 2.710922
v 1.470564 -0.012425 4.066158
v 1.593184 -0.012425 3.370749
v 2.948419 -0.012425 5.306226
v 2.253010 -0.012425 5.183607
v 2.870700 1.506490 4.417887
v 2.864138 1.433763 4.342880
v 2.661692 1.433763 4.307184
v 2.629872 1.506490 4.375422
v 3.189445 1.433763 4.115098
v 3.257684 1.506490 4.146918
v 2.997359 1.433763 3.587345
v 3.029179 1.506490 3.519107
v 2.358903 1.506490 3.988439
v 2.433910 1.433763 3.981877
v 2.469606 1.433763 3.779431
v 2.401368 1.506490 3.747611
v 2.788352 1.506490 3.476642
v 2.794914 1.433763 3.551648
v 3.300148 1.506490 3.906090
v 3.225142 1.433763 3.912652
v 2.920291 0.964320 3.752617
v 3.005455 0.964320 3.824077
v 3.043478 0.964320 3.928546
v 3.024173 0.964320 4.038030
v 3.173238 1.110031 4.438137
v 3.372625 1.110031 4.200515
v 3.426489 1.110031 3.895037
v 3.320397 1.110031 3.603552
v 3.082777 1.110031 3.404165
v 2.777298 1.110031 3.350301
v 2.485813 1.110031 3.456392
v 2.286426 1.110031 3.694013
v 2.232562 1.110031 3.999492
v 2.338654 1.110031 4.290976
v 2.576274 1.110031 4.490364
v 2.881753 1.110031 4.544228
v 0.965463 0.054441 1.596455
v 1.017837 0.011072 1.586537
v 0.925441 0.329847 1.454582
v 0.898348 0.285993 1.500606
v 1.677768 0.686100 2.613733
v 1.716883 0.630973 2.584878
v 1.629061 0.949749 2.459455
v 1.601467 0.905429 2.504764
v 1.230801 0.011072 1.437418
v 1.258035 0.054441 1.391594
v 1.190921 0.285993 1.295745
v 1.138406 0.329847 1.305463
v 1.929848 0.630973 2.435759
v 1.970341 0.686100 2.408872
v 1.894040 0.905429 2.299903
v 1.842026 0.949749 2.310336
v 1.750443 0.905365 2.717524
v 1.802114 0.949749 2.706600
v 2.043015 0.905365 2.512662
v 2.015078 0.949749 2.557481
v 2.394489 0.271227 3.637316
v 2.446157 0.315603 3.626390
v 2.360927 -0.003172 3.504668
v 2.332934 0.041003 3.549407
v 2.625506 0.041003 3.344546
v 2.573891 -0.003172 3.355548
v 2.659122 0.315603 3.477270
v 2.687061 0.271227 3.432455
v 1.968537 0.929000 2.406296
v 1.928552 0.977223 2.433909
v 1.675964 0.929000 2.611157
v 1.715588 0.977223 2.583028
v 1.971815 0.973559 2.495695
v 2.005774 0.925845 2.459476
v 1.758851 0.973559 2.644814
v 1.713202 0.925845 2.664337
v 1.672324 0.973559 2.521242
v 1.638722 0.925882 2.557969
v 1.885289 0.973559 2.372123
v 1.931294 0.925882 2.353108
v 2.931936 -1.054539 4.093522
v 2.991344 -1.054539 4.022721
v 3.007393 -1.054539 3.931703
v 2.975782 -1.054539 3.844854
v 2.904983 -1.054539 3.785446
v 2.813964 -1.054539 3.769397
v 2.727115 -1.054539 3.801008
v 2.667707 -1.054539 3.871808
v 2.651658 -1.054539 3.962826
v 2.683269 -1.054539 4.049674
v 2.754069 -1.054539 4.109083
v 2.845087 -1.054539 4.125132
v 3.866518 -1.075618 3.856540
v 3.772950 -1.075618 4.387190
v 2.738801 -1.075618 2.910272
v 3.269452 -1.075618 3.003840
v 1.792533 -1.075618 4.037990
v 1.886101 -1.075618 3.507339
v 2.920251 -1.075618 4.984257
v 2.389600 -1.075618 4.890689
v 4.188488 -1.075618 3.828371
v 4.065868 -1.075618 4.523780
v 2.710632 -1.075618 2.588303
v 3.406042 -1.075618 2.710922
v 1.470564 -1.075618 4.066158
v 1.593184 -1.075618 3.370749
v 2.948419 -1.075618 5.306226
v 2.253010 -1.075618 5.183607
v -2.956101 0.041003 3.816684
v -2.922667 -0.003172 3.853652
v -2.709703 -0.003172 4.002771
v -2.663529 0.041003 4.021545
v -2.630333 0.271227 3.974137
v -2.663739 0.315603 3.937128
v -2.876703 0.315603 3.788009
v -2.922905 0.271227 3.769276
v -3.189445 1.238313 4.115098
v -3.057309 1.238313 4.272572
v -2.931936 0.008654 4.093522
v -3.201344 1.238313 4.478275
v -2.991344 0.008654 4.022721
v -3.417034 1.238313 4.221224
v -3.007393 0.008654 3.931703
v -3.475303 1.238313 3.890766
v -2.975782 0.008654 3.844854
v -3.360536 1.238313 3.575446
v -2.904983 0.008654 3.785446
v -3.103486 1.238313 3.359756
v -2.813964 0.008654 3.769397
v -2.773027 1.238313 3.301487
v -2.727115 0.008654 3.801008
v -2.457708 1.238313 3.416254
v -2.667707 0.008654 3.871808
v -2.242017 1.238313 3.673304
v -2.651658 0.008654 3.962826
v -2.183748 1.238313 4.003763
v -2.683269 0.008654 4.049674
v -2.298515 1.238313 4.319082
v -2.754069 0.008654 4.109083
v -2.555566 1.238313 4.534773
v -2.845087 0.008654 4.125132
v -2.886024 1.238313 4.593042
v -3.225142 1.238313 3.912652
v -3.154833 1.238313 3.719481
v -2.997359 1.238313 3.587345
v -2.794914 1.238313 3.551648
v -2.601743 1.238313 3.621957
v -2.469606 1.238313 3.779431
v -2.433910 1.238313 3.981877
v -2.504218 1.238313 4.175047
v -2.661692 1.238313 4.307184
v -2.864138 1.238313 4.342880
v -2.886024 1.506490 4.593042
v -2.810807 0.964320 3.733312
v -2.706339 0.964320 3.771335
v -3.417034 1.506490 4.221224
v -2.634878 0.964320 3.856499
v -3.475303 1.506490 3.890766
v -2.615573 0.964320 3.965983
v -3.103486 1.506490 3.359756
v -2.653596 0.964320 4.070451
v -2.738760 0.964320 4.141912
v -2.773027 1.506490 3.301487
v -2.848244 0.964320 4.161217
v -2.183748 1.506490 4.003763
v -2.242017 1.506490 3.673304
v -2.555566 1.506490 4.534773
v -2.952713 0.964320 4.123194
v -3.866518 1.157082 3.856540
v -3.772950 1.157082 4.387190
v -2.738801 1.157082 2.910272
v -3.269452 1.157082 3.003840
v -1.792533 1.157082 4.037990
v -1.886101 1.157082 3.507339
v -2.920251 1.157082 4.984257
v -2.389600 1.157082 4.890689
v -3.866518 1.587721 3.856540
v -3.772950 1.587721 4.387190
v -2.738801 1.587721 2.910272
v -3.269452 1.587721 3.003840
v -1.792533 1.587721 4.037990
v -1.886101 1.587721 3.507339
v -2.920251 1.587721 4.984257
v -2.389600 1.587721 4.890689
v -4.188488 1.090229 3.828371
v -4.065868 1.090229 4.523780
v -2.710632 1.090229 2.588303
v -3.406042 1.090229 2.710922
v -1.470564 1.090229 4.066158
v -1.593184 1.090229 3.370749
v -2.948419 1.090229 5.306226
v -2.253010 1.090229 5.183607
v -4.188488 1.654575 3.828371
v -4.065868 1.654575 4.523780
v -2.710632 1.654575 2.588303
v -3.406042 1.654575 2.710922
v -1.470564 1.654575 4.066158
v -1.593184 1.654575 3.370749
v -2.948419 1.654575 5.306226
v -2.253010 1.654575 5.183607
v -3.866518 -0.012425 3.856540
v -3.772950 -0.012425 4.387190
v -2.738801 -0.012425 2.910272
v -3.269452 -0.012425 3.003840
v -1.792533 -0.012425 4.037990
v -1.886101 -0.012425 3.507339
v -2.920251 -0.012425 4.984257
v -2.389600 -0.012425 4.890689
v -4.188488 -0.012425 3.828371
v -4.065868 -0.012425 4.523780
v -2.710632 -0.012425 2.588303
v -3.406042 -0.012425 2.710922
v -1.470564 -0.012425 4.066158
v -1.593184 -0.012425 3.370749
v -2.948419 -0.012425 5.306226
v -2.253010 -0.012425 5.183607
v -2.870700 1.506490 4.417887
v -2.864138 1.433763 4.342880
v -2.661692 1.433763 4.307184
v -2.629872 1.506490 4.375422
v -3.189445 1.433763 4.115098
v -3.257684 1.506490 4.146918
v -2.997359 1.433763 3.587345
v -3.029179 1.506490 3.519107
v -2.358903 1.506490 3.988439
v -2.433910 1.433763 3.981877
v -2.469606 1.433763 3.779431
v -2.401368 1.506490 3.747611
v -2.788352 1.506490 3.476642
v -2.794914 1.433763 3.551648
v -3.300148 1.506490 3.906090
v -3.225142 1.433763 3.912652
v -2.920291 0.964320 3.752617
v -3.005455 0.964320 3.824077
v -3.043478 0.964320 3.928546
v -3.024173 0.964320 4.038030
v -3.173238 1.110031 4.438137
v -3.372625 1.110031 4.200515
v -3.426489 1.110031 3.895037
v -3.320397 1.110031 3.603552
v -3.082777 1.110031 3.404165
v -2.777298 1.110031 3.350301
v -2.485813 1.110031 3.456392
v -2.286426 1.110031 3.694013
v -2.232562 1.110031 3.999492
v -2.338654 1.110031 4.290976
v -2.576274 1.110031 4.490364
v -2.881753 1.110031 4.544228
v -0.965463 0.054441 1.596455
v -1.017837 0.011072 1.586537
v -0.925441 0.329847 1.454582
v -0.898348 0.285993 1.500606
v -1.677768 0.686100 2.613733
v -1.716883 0.630973 2.584878
v -1.629061 0.949749 2.459455
v -1.601467 0.905429 2.504764
v -1.230801 0.011072 1.437418
v -1.258035 0.054441 1.391594
v -1.190921 0.285993 1.295745
v -1.138406 0.329847 1.305463
v -1.929848 0.630973 2.435759
v -1.970341 0.686100 2.408872
v -1.894040 0.905429 2.299903
v -1.842026 0.949749 2.310336
v -1.750443 0.905365 2.717524
v -1.802114 0.949749 2.706600
v -2.043015 0.905365 2.512662
v -2.015078 0.949749 2.557481
v -2.394489 0.271227 3.637316
v -2.446157 0.315603 3.626390
v -2.360927 -0.003172 3.504668
v -2.332934 0.041003 3.549407
v -2.625506 0.041003 3.344546
v -2.573891 -0.003172 3.355548
v -2.659122 0.315603 3.477270
v -2.687061 0.271227 3.432455
v -1.968537 0.929000 2.406296
v -1.928552 0.977223 2.433909
v -1.675964 0.929000 2.611157
v -1.715588 0.977223 2.583028
v -1.971815 0.973559 2.495695
v -2.005774 0.925845 2.459476
v -1.758851 0.973559 2.644814
v -1.713202 0.925845 2.664337
v -1.672324 0.973559 2.521242
v -1.638722 0.925882 2.557969
v -1.885289 0.973559 2.372123
v -1.931294 0.925882 2.353108
v -2.931936 -1.054539 4.093522
v -2.991344 -1.054539 4.022721
v -3.007393 -1.054539 3.931703
v -2.975782 -1.054539 3.844854
v -2.904983 -1.054539 3.785446
v -2.813964 -1.054539 3.769397
v -2.727115 -1.054539 3.801008
v -2.667707 -1.054539 3.871808
v -2.651658 -1.054539 3.962826
v -2.683269 -1.054539 4.049674
v -2.754069 -1.054539 4.109083
v -2.845087 -1.054539 4.125132
v -3.866518 -1.075618 3.856540
v -3.772950 -1.075618 4.387190
v -2.738801 -1.075618 2.910272
v -3.269452 -1.075618 3.003840
v -1.792533 -1.075618 4.037990
v -1.886101 -1.075618 3.507339
v -2.920251 -1.075618 4.984257
v -2.389600 -1.075618 4.890689
v -4.188488 -1.075618 3.828371
v -4.065868 -1.075618 4.523780
v -2.710632 -1.075618 2.588303
v -3.406042 -1.075618 2.710922
v -1.470564 -1.075618 4.066158
v -1.593184 -1.075618 3.370749
v -2.948419 -1.075618 5.306226
v -2.253010 -1.075618 5.183607
vn -0.5119 -0.4510 0.7311
vn 0.8192 -0.0000 0.5736
vn -0.2587 0.8925 0.3695
vn -0.8192 -0.0000 -0.5736
vn -0.0000 1.0000 -0.0000
vn 0.2821 0.8707 -0.4028
vn -0.0278 0.9988 0.0397
vn -0.2821 -0.8707 0.4028
vn -0.1727 0.9536 0.2466
vn 0.0278 0.9988 -0.0397
vn 0.1727 0.9536 -0.2466
vn 0.5563 0.2438 -0.7944
vn 0.7187 -0.3461 -0.6030
vn -0.9962 -0.0000 -0.0872
vn 0.9239 -0.3461 -0.1629
vn -0.9063 -0.0000 0.4226
vn 0.8816 -0.3461 0.3209
vn -0.0872 -0.0000 0.9962
vn 0.9848 -0.0000 -0.1736
vn 0.6030 -0.3461 0.7187
vn 0.1629 -0.3461 0.9239
vn 0.4226 -0.0000 0.9063
vn -0.4226 -0.0000 -0.9063
vn -0.3209 -0.3462 0.8816
vn -0.1736 -0.0000 -0.9848
vn -0.7187 -0.3461 0.6031
vn 0.0872 -0.0000 -0.9962
vn -0.9239 -0.3461 0.1629
vn -0.9848 -0.0000 0.1736
vn 0.9063 -0.0000 -0.4226
vn -0.8816 -0.3461 -0.3209
vn 0.1736 -0.0000 0.9848
vn -0.6031 -0.3462 -0.7187
vn -0.1461 0.5408 -0.8284
vn -0.1629 -0.3462 -0.9239
vn 0.3209 -0.3462 -0.8816
vn -0.0364 0.9778 -0.2062
vn 0.9962 -0.0000 0.0872
vn 0.2062 0.9778 -0.0364
vn 0.0364 0.9778 0.2062
vn -0.2062 -0.9778 0.0364
vn -0.0364 -0.9778 -0.2062
vn -0.2062 0.9778 0.0364
vn 0.2062 -0.9778 -0.0364
vn 0.0364 -0.9778 0.2062
vn -0.9848 -0.0000 0.1737
vn 0.1228 0.7071 0.6964
vn 0.6964 0.7071 -0.1228
vn -0.1228 0.7071 -0.6964
vn -0.6964 0.7071 0.1228
vn 0.6444 0.5408 -0.5407
vn 0.7904 0.5408 0.2877
vn -0.8284 0.5408 0.1461
vn -0.5407 0.5408 -0.6444
vn 0.2877 0.5408 -0.7904
vn 0.8284 0.5408 -0.1461
vn -0.2877 0.5408 0.7904
vn 0.5407 0.5408 0.6444
vn -0.6444 0.5408 0.5407
vn 0.1461 0.5408 0.8284
vn -0.7904 0.5408 -0.2877
vn 0.3209 -0.3461 -0.8816
vn -0.1629 -0.3461 -0.9239
vn -0.6031 -0.3461 -0.7187
vn -0.7187 -0.3461 0.6030
vn -0.3209 -0.3461 0.8816
vn -0.3954 -0.6303 -0.6682
vn -0.7644 0.6275 -0.1481
vn 0.7631 -0.6303 0.1430
vn 0.4006 0.6275 0.6676
vn 0.7011 0.6745 0.2311
vn -0.7017 0.6737 -0.2320
vn 0.7795 0.6143 0.1223
vn -0.3816 0.6143 -0.6907
vn 0.5570 0.7094 0.4319
vn -0.5568 0.7095 -0.4320
vn 0.5964 0.7095 0.3755
vn -0.4570 0.6745 -0.5798
vn -0.5963 0.7094 -0.3757
vn 0.4580 0.6737 0.5800
vn -0.7787 -0.6157 -0.1207
vn 0.3798 -0.6157 0.6904
vn 0.2600 -0.8913 -0.3714
vn 0.5510 -0.7399 0.3858
vn -0.5524 0.7384 -0.3868
vn 0.5524 0.7384 0.3868
vn -0.5510 -0.7399 -0.3858
vn -0.0000 -1.0000 -0.0000
vn 0.9397 -0.0000 0.3420
vn 0.7660 -0.0000 -0.6428
vn -0.3420 -0.0000 0.9397
vn -0.9397 -0.0000 -0.3420
vn 0.3420 -0.0000 -0.9397
vn 0.6428 -0.0000 0.7660
vn -0.7660 -0.0000 0.6428
vn -0.6428 -0.0000 -0.7660
vn 0.9848 -0.0000 -0.1737
vn 0.5119 -0.4510 0.7311
vn -0.8192 -0.0000 0.5736
vn 0.2587 0.8925 0.3695
vn 0.8192 -0.0000 -0.5736
vn -0.2821 0.8707 -0.4028
vn 0.0278 0.9988 0.0397
vn 0.2821 -0.8707 0.4028
vn 0.1727 0.9536 0.2466
vn -0.0278 0.9988 -0.0397
vn -0.1727 0.9536 -0.2466
vn -0.5563 0.2438 -0.7944
vn -0.7187 -0.3461 -0.6030
vn 0.9962 -0.0000 -0.0872
vn -0.9239 -0.3461 -0.1629
vn 0.9063 -0.0000 0.4226
vn -0.8816 -0.3461 0.3209
vn 0.0872 -0.0000 0.9962
vn -0.9848 -0.0000 -0.1736
vn -0.6030 -0.3461 0.7187
vn -0.1629 -0.3461 0.9239
vn -0.4226 -0.0000 0.9063
vn 0.4226 -0.0000 -0.9063
vn 0.3209 -0.3462 0.8816
vn 0.1736 -0.0000 -0.9848
vn 0.7187 -0.3461 0.6031
vn -0.0872 -0.0000 -0.9962
vn 0.9239 -0.3461 0.1629
vn 0.9848 -0.0000 0.1736
vn -0.9063 -0.0000 -0.4226
vn 0.8816 -0.3461 -0.3209
vn -0.1736 -0.0000 0.9848
vn 0.6031 -0.3461 -0.7187
vn 0.1461 0.5408 -0.8284
vn 0.1629 -0.3462 -0.9239
vn -0.3209 -0.3462 -0.8816
vn 0.0364 0.9778 -0.2062
vn -0.9962 -0.0000 0.0872
vn -0.2062 0.9778 -0.0364
vn -0.0364 0.9778 0.2062
vn 0.2062 -0.9778 0.0364
vn 0.0364 -0.9778 -0.2062
vn 0.2062 0.9778 0.0364
vn -0.2062 -0.9778 -0.0364
vn -0.0364 -0.9778 0.2062
vn 0.9848 -0.0000 0.1737
vn -0.1228 0.7071 0.6964
vn -0.6964 0.7071 -0.1228
vn 0.1228 0.7071 -0.6964
vn 0.6964 0.7071 0.1228
vn -0.6444 0.5408 -0.5407
vn -0.7904 0.5408 0.2877
vn 0.8284 0.5408 0.1461
vn 0.5407 0.5408 -0.6444
vn -0.2877 0.5408 -0.7904
vn -0.8284 0.5408 -0.1461
vn 0.2877 0.5408 0.7904
vn -0.5407 0.5408 0.6444
vn 0.6444 0.5408 0.5407
vn -0.1461 0.5408 0.8284
vn 0.7904 0.5408 -0.2877
vn -0.3209 -0.3461 -0.8816
vn 0.1629 -0.3461 -0.9239
vn 0.7187 -0.3461 0.6030
vn 0.3209 -0.3461 0.8816
vn 0.3954 -0.6303 -0.6682
vn 0.7644 0.6275 -0.1481
vn -0.7631 -0.6303 0.1430
vn -0.4006 0.6275 0.6676
vn -0.7011 0.6745 0.2311
vn 0.7017 0.6737 -0.2320
vn -0.7795 0.6143 0.1223
vn 0.3816 0.6143 -0.6907
vn -0.5570 0.7094 0.4319
vn 0.5568 0.7095 -0.4320
vn -0.5964 0.7095 0.3755
vn 0.4570 0.6745 -0.5798
vn 0.5963 0.7094 -0.3757
vn -0.4580 0.6737 0.5800
vn 0.7787 -0.6157 -0.1207
vn -0.3798 -0.6157 0.6904
vn -0.2600 -0.8913 -0.3714
vn -0.5510 -0.7399 0.3858
vn 0.5524 0.7384 -0.3868
vn -0.5524 0.7384 0.3868
vn 0.5510 -0.7399 -0.3858
vn -0.9397 -0.0000 0.3420
vn -0.7660 -0.0000 -0.6428
vn 0.3420 -0.0000 0.9397
vn 0.9397 -0.0000 -0.3420
vn -0.3420 -0.0000 -0.9397
vn -0.6428 -0.0000 0.7660
vn 0.7660 -0.0000 0.6428
vn 0.6428 -0.0000 -0.7660
vn -0.9848 -0.0000 -0.1737
vn -0.5119 -0.4510 -0.7311
vn -0.2587 0.8925 -0.3695
vn 0.2821 0.8707 0.4028
vn -0.2821 -0.8707 -0.4028
vn 0.5563 0.2438 0.7944
vn 0.6030 -0.3461 -0.7187
vn -0.7187 -0.3461 -0.6031
vn -0.6031 -0.3461 0.7187
vn -0.1629 -0.3462 0.9239
vn -0.3954 -0.6303 0.6682
vn -0.7644 0.6275 0.1481
vn 0.7631 -0.6303 -0.1430
vn 0.4006 0.6275 -0.6676
vn 0.7011 0.6745 -0.2311
vn -0.7017 0.6737 0.2320
vn 0.7795 0.6143 -0.1223
vn -0.3816 0.6143 0.6907
vn 0.5570 0.7094 -0.4319
vn -0.5568 0.7095 0.4320
vn 0.5964 0.7095 -0.3755
vn -0.4570 0.6745 0.5798
vn -0.5963 0.7094 0.3757
vn 0.4580 0.6737 -0.5800
vn -0.7787 -0.6157 0.1207
vn 0.3798 -0.6157 -0.6904
vn 0.2600 -0.8913 0.3714
vn 0.5119 -0.4510 -0.7311
vn 0.2587 0.8925 -0.3695
vn -0.2821 0.8707 0.4028
vn 0.2821 -0.8707 -0.4028
vn -0.5563 0.2438 0.7944
vn -0.6030 -0.3461 -0.7187
vn 0.7187 -0.3461 -0.6031
vn 0.6031 -0.3462 0.7187
vn 0.1629 -0.3462 0.9239
vn 0.6031 -0.3461 0.7187
vn 0.3954 -0.6303 0.6682
vn 0.7644 0.6275 0.1481
vn -0.7631 -0.6303 -0.1430
vn -0.4006 0.6275 -0.6676
vn -0.7011 0.6745 -0.2311
vn 0.7017 0.6737 0.2320
vn -0.7795 0.6143 -0.1223
vn 0.3816 0.6143 0.6907
vn -0.5570 0.7094 -0.4319
vn 0.5568 0.7095 0.4320
vn -0.5964 0.7095 -0.3755
vn 0.4570 0.6745 0.5798
vn 0.5963 0.7094 0.3757
vn -0.4580 0.6737 -0.5800
vn 0.7787 -0.6157 0.1207
vn -0.3798 -0.6157 -0.6904
vn -0.2600 -0.8913 0.3714
vt 0.375000 0.784012
vt 0.409012 0.750000
vt 0.590607 0.750000
vt 0.625000 0.784012
vt 0.625000 0.965988
vt 0.590607 1.000000
vt 0.409012 1.000000
vt 0.375000 0.965988
vt 0.590242 0.500000
vt 0.412283 0.500000
vt 0.590208 0.500000
vt 0.659012 0.500000
vt 0.840988 0.500000
vt 0.840988 0.750000
vt 0.659012 0.750000
vt 0.409012 0.000000
vt 0.590607 0.000000
vt 0.590242 0.250000
vt 0.409386 0.254550
vt 0.412283 0.250000
vt 0.590242 0.250000
vt 0.590208 0.250000
vt 0.840988 0.500000
vt 0.659012 0.500000
vt 0.414748 0.250000
vt 0.590182 0.250000
vt 0.590192 0.500000
vt 0.409645 0.500000
vt 0.409645 0.500000
vt 0.590199 0.500000
vt 0.340988 0.500000
vt 0.159012 0.500000
vt 0.159012 0.500000
vt 0.340988 0.500000
vt 0.414748 0.500000
vt 0.590182 0.500000
vt 0.414858 0.250000
vt 0.590181 0.250000
vt 0.414858 0.500000
vt 0.590181 0.500000
vt 0.659012 0.500000
vt 0.659012 0.500000
vt 0.412947 0.250000
vt 0.590192 0.250000
vt 0.375000 0.284012
vt 0.409645 0.250000
vt 0.590199 0.250000
vt 0.625000 0.284012
vt 0.625000 0.465988
vt 0.590199 0.500000
vt 0.375000 0.465988
vt 0.409386 0.495450
vt 0.590242 0.500000
vt 0.590607 0.750000
vt 0.409645 0.250000
vt 0.590192 0.250000
vt 0.590199 0.250000
vt 0.412947 0.500000
vt 0.590192 0.500000
vt 0.370000 0.457846
vt 0.250000 0.490000
vt 0.130000 0.457846
vt 0.042154 0.370000
vt 0.010000 0.250000
vt 0.042154 0.130000
vt 0.130000 0.042154
vt 0.250000 0.010000
vt 0.370000 0.042154
vt 0.457846 0.130000
vt 0.490000 0.250000
vt 0.457846 0.370000
vt 0.416667 1.000000
vt 0.500000 1.000000
vt 1.000000 0.947838
vt 1.000000 1.000000
vt 0.916667 1.000000
vt 0.916667 0.947838
vt 0.583333 1.000000
vt 0.583333 1.000000
vt 0.250000 1.000000
vt 0.333333 1.000000
vt 0.833333 1.000000
vt 0.833333 0.947838
vt 0.166667 1.000000
vt 0.750000 1.000000
vt 0.750000 0.947838
vt 0.666667 1.000000
vt 0.666667 0.947838
vt 0.000000 1.000000
vt 0.083333 1.000000
vt 0.583333 0.947838
vt 0.416667 1.000000
vt 0.916667 1.000000
vt 0.500000 0.947838
vt 0.416667 0.947838
vt 0.333333 0.947838
vt 0.250000 0.947838
vt 0.166667 0.947838
vt 0.083333 0.947838
vt 0.916667 1.000000
vt 0.000000 0.947838
vt 0.166667 0.500000
vt 0.083333 0.500000
vt 0.083333 1.000000
vt 0.416667 0.500000
vt 0.333333 0.500000
vt 0.000000 0.500000
vt 0.250000 0.500000
vt 0.500000 0.500000
vt 0.583333 0.500000
vt 0.666667 0.500000
vt 0.750000 0.500000
vt 0.833333 0.500000
vt 0.916667 0.500000
vt 1.000000 0.500000
vt 0.159012 0.750000
vt 0.125000 0.749977
vt 0.125000 0.500000
vt 0.625000 0.000000
vt 0.625000 0.250000
vt 0.340988 0.750000
vt 0.750000 0.490000
vt 0.870000 0.457846
vt 0.957846 0.370000
vt 0.990000 0.250000
vt 0.957846 0.130000
vt 0.870000 0.042154
vt 0.750000 0.010000
vt 0.630000 0.042154
vt 0.542154 0.130000
vt 0.510000 0.250000
vt 0.542154 0.370000
vt 0.630000 0.457846
s 0
f 801/202/508 802/203/508 803/204/508 804/205/508 795/206/508 796/207/508 793/208/508 794/209/508
f 807/210/509 806/211/509 832/212/509
f 808/213/510 799/214/510 795/215/510 804/216/510
f 793/217/511 796/218/511 800/219/511 797/220/511
f 797/221/511 800/222/511 830/223/511
f 814/214/512 819/213/512 659/213/512 658/214/512
f 810/224/513 812/225/513 819/213/513 814/214/513
f 797/226/511 830/223/511 823/227/511
f 811/228/509 806/229/509 817/230/509 820/231/509
f 829/224/514 831/225/514 822/213/514 824/214/514
f 805/232/515 798/233/515 815/234/515 818/235/515
f 832/212/509 806/236/509 821/237/509
f 797/238/511 823/227/511 828/239/511
f 821/237/509 806/240/509 826/241/509
f 799/224/516 808/225/516 831/213/516 829/214/516
f 824/224/517 822/225/517 825/242/517 827/214/517
f 827/224/518 825/243/518 812/213/518 810/214/518
f 797/244/511 828/239/511 809/245/511
f 655/246/519 656/247/519 657/248/519 658/249/519 659/250/519 660/251/519 653/230/519 654/252/519
f 806/253/509 807/254/509 803/255/509 802/203/509
f 797/256/511 809/257/511 813/258/511 816/247/511
f 826/241/509 806/259/509 811/260/509
f 780/261/512 712/262/512 708/263/512 706/264/512 705/265/512 703/266/512 701/267/512 699/268/512 698/269/512 777/270/512 778/271/512 779/272/512
f 678/273/512 676/274/512 691/274/512 692/273/512
f 781/275/520 664/276/520 666/277/520 782/278/520
f 690/279/521 674/279/521 707/279/521 773/279/521 774/280/521
f 682/281/512 680/282/512 693/282/512 694/281/512
f 782/278/522 666/277/522 668/283/522 783/284/522
f 684/285/523 695/285/523 763/285/523 764/285/523 711/285/523
f 666/277/512 664/276/512 662/276/512 661/277/512
f 783/284/524 668/283/524 670/286/524 784/287/524
f 687/283/525 668/283/525 702/283/525 775/283/525 776/283/525
f 692/267/526 693/266/526 770/266/526 771/267/526
f 784/287/527 670/286/527 672/288/527 785/289/527
f 707/279/512 704/288/512 768/288/512 773/279/512
f 664/290/512 686/291/512 696/291/512 662/290/512
f 785/289/528 672/288/528 674/279/528 786/292/528
f 678/273/529 692/273/529 771/293/529 772/273/529 710/273/529
f 666/277/530 661/277/530 765/277/530 766/294/530 700/277/530
f 786/292/531 674/279/531 676/274/531 787/295/531
f 689/270/532 690/269/532 774/269/532 767/270/532
f 672/288/512 670/286/512 688/286/512 689/288/512
f 787/295/533 676/274/533 678/273/533 788/296/533
f 693/282/534 680/282/534 709/282/534 769/282/534 770/282/534
f 676/274/512 674/279/512 690/279/512 691/274/512
f 788/296/535 678/273/535 680/282/535 789/297/535
f 661/261/536 687/272/536 776/272/536 765/261/536
f 672/288/537 689/288/537 767/288/537 768/288/537 704/288/537
f 789/297/538 680/282/538 682/281/538 790/298/538
f 695/264/539 696/263/539 762/263/539 763/264/539
f 684/285/512 682/281/512 694/281/512 695/285/512
f 790/298/540 682/281/540 684/285/540 791/299/540
f 670/286/512 668/283/512 687/283/512 688/286/512
f 690/269/541 689/270/541 777/270/541 698/269/541
f 791/299/542 684/285/542 686/291/542 792/300/542
f 702/283/512 700/277/512 766/301/512 775/283/512
f 709/282/512 710/273/512 772/273/512 769/282/512
f 792/300/543 686/291/543 664/290/543 781/302/543
f 683/303/532 685/304/532 844/304/532 843/303/532
f 704/288/544 707/279/544 723/279/544 724/288/544
f 684/285/523 711/285/523 728/285/523 720/285/523
f 696/291/545 686/291/545 697/291/545 761/291/545 762/305/545
f 710/273/546 709/282/546 725/282/546 726/273/546
f 697/291/545 686/291/545 719/291/545 727/291/545
f 730/277/526 729/283/526 753/283/526 754/277/526
f 714/277/530 722/277/530 738/277/530 730/277/530
f 735/291/545 719/291/545 751/291/545 759/291/545
f 725/282/534 717/282/534 733/282/534 741/282/534
f 672/288/537 704/288/537 724/288/537 716/288/537
f 711/285/547 697/291/547 727/291/547 728/285/547
f 702/283/525 668/283/525 713/283/525 721/283/525
f 709/282/534 680/282/534 717/282/534 725/282/534
f 678/273/529 710/273/529 726/273/529 718/273/529
f 666/277/530 700/277/530 722/277/530 714/277/530
f 668/283/548 666/277/548 714/277/548 713/283/548
f 707/279/521 674/279/521 715/279/521 723/279/521
f 674/279/549 672/288/549 716/288/549 715/279/549
f 700/277/550 702/283/550 721/283/550 722/277/550
f 680/282/551 678/273/551 718/273/551 717/282/551
f 686/291/552 684/285/552 720/285/552 719/291/552
f 729/283/526 730/277/526 738/277/526 737/283/526
f 731/279/539 732/288/539 740/288/539 739/279/539
f 733/282/536 734/273/536 742/273/536 741/282/536
f 735/291/532 736/285/532 744/285/532 743/291/532
f 723/279/521 715/279/521 731/279/521 739/279/521
f 722/277/550 721/283/550 737/283/550 738/277/550
f 727/291/545 719/291/545 735/291/545 743/291/545
f 724/288/544 723/279/544 739/279/544 740/288/544
f 720/285/523 728/285/523 744/285/523 736/285/523
f 726/273/546 725/282/546 741/282/546 742/273/546
f 721/283/525 713/283/525 729/283/525 737/283/525
f 728/285/547 727/291/547 743/291/547 744/285/547
f 717/282/526 718/273/526 750/273/526 749/282/526
f 718/273/529 726/273/529 742/273/529 734/273/529
f 716/288/537 724/288/537 740/288/537 732/288/537
f 720/285/523 736/285/523 760/285/523 752/285/523
f 756/288/539 755/279/539 855/279/539 856/288/539
f 754/277/526 753/283/526 853/283/526 854/277/526
f 677/306/553 679/307/553 841/307/553 840/306/553
f 751/291/539 752/285/539 852/285/539 851/291/539
f 729/283/525 713/283/525 745/283/525 753/283/525
f 719/291/539 720/285/539 752/285/539 751/291/539
f 731/279/521 715/279/521 747/279/521 755/279/521
f 732/288/539 731/279/539 755/279/539 756/288/539
f 733/282/534 717/282/534 749/282/534 757/282/534
f 716/288/537 732/288/537 756/288/537 748/288/537
f 734/273/536 733/282/536 757/282/536 758/273/536
f 736/285/532 735/291/532 759/291/532 760/285/532
f 718/273/529 734/273/529 758/273/529 750/273/529
f 713/283/536 714/277/536 746/277/536 745/283/536
f 714/277/530 730/277/530 754/277/530 746/277/530
f 715/279/532 716/288/532 748/288/532 747/279/532
f 761/291/554 764/285/554 763/285/554 762/291/554
f 769/282/555 772/273/555 771/273/555 770/282/555
f 773/279/556 768/288/556 767/288/556 774/279/556
f 775/283/557 766/301/557 765/277/557 776/283/557
f 697/291/512 711/285/512 764/285/512 761/291/512
f 692/273/558 691/274/558 699/274/558 701/273/558
f 694/281/559 693/282/559 703/282/559 705/281/559
f 687/272/560 661/261/560 780/261/560 779/272/560
f 689/288/561 688/286/561 778/286/561 777/288/561
f 691/274/562 690/279/562 698/279/562 699/274/562
f 693/266/563 692/267/563 701/267/563 703/266/563
f 662/290/564 696/291/564 708/291/564 712/290/564
f 695/285/565 694/281/565 705/281/565 706/285/565
f 661/277/566 662/276/566 712/276/566 780/277/566
f 696/263/567 695/264/567 706/264/567 708/263/567
f 688/286/568 687/283/568 779/283/568 778/286/568
f 685/304/569 792/300/569 781/302/569 663/308/569
f 683/303/570 791/299/570 792/300/570 685/304/570
f 681/309/571 790/298/571 791/299/571 683/303/571
f 679/307/538 789/297/538 790/298/538 681/309/538
f 677/306/535 788/296/535 789/297/535 679/307/535
f 675/310/572 787/295/572 788/296/572 677/306/572
f 673/311/573 786/292/573 787/295/573 675/310/573
f 671/312/528 785/289/528 786/292/528 673/311/528
f 669/313/527 784/287/527 785/289/527 671/312/527
f 667/314/524 783/284/524 784/287/524 669/313/524
f 665/315/522 782/278/522 783/284/522 667/314/522
f 663/316/520 781/275/520 782/278/520 665/315/520
f 798/234/574 794/317/574 793/318/574 797/319/574
f 795/320/575 799/321/575 800/219/575 796/218/575
f 801/322/576 805/235/576 806/253/576 802/203/576
f 808/213/577 804/216/577 803/255/577 807/254/577
f 826/241/578 811/260/578 812/213/578 825/243/578
f 830/223/579 800/222/579 799/321/579 829/321/579
f 811/228/580 820/231/580 819/213/580 812/225/580
f 813/258/581 809/257/581 810/321/581 814/321/581
f 832/212/582 821/237/582 822/213/582 831/225/582
f 828/239/583 823/227/583 824/321/583 827/321/583
f 821/237/584 826/241/584 825/242/584 822/225/584
f 809/245/585 828/239/585 827/321/585 810/321/585
f 823/227/586 830/223/586 829/321/586 824/321/586
f 807/210/587 832/212/587 831/213/587 808/225/587
f 815/234/588 798/233/588 797/319/588 816/319/588
f 805/232/589 818/235/589 817/230/589 806/229/589
f 798/234/590 805/235/590 801/322/590 794/317/590
f 816/247/511 813/258/511 657/258/511 656/247/511
f 817/230/591 818/235/591 654/235/591 653/230/591
f 820/231/509 817/230/509 653/230/509 660/231/509
f 813/258/592 814/321/592 658/321/592 657/258/592
f 819/213/593 820/231/593 660/231/593 659/213/593
f 815/234/594 816/319/594 656/319/594 655/234/594
f 818/235/595 815/234/595 655/234/595 654/235/595
f 833/323/595 834/324/595 835/325/595 836/326/595 837/327/595 838/328/595 839/329/595 840/330/595 841/331/595 842/332/595 843/333/595 844/334/595
f 851/291/595 852/285/595 860/285/595 859/291/595
f 849/282/595 850/273/595 858/273/595 857/282/595
f 845/283/595 846/277/595 854/277/595 853/283/595
f 847/279/595 848/288/595 856/288/595 855/279/595
f 667/314/596 669/313/596 836/313/596 835/314/596
f 758/273/536 757/282/536 857/282/536 858/273/536
f 663/316/597 665/315/597 834/315/597 833/316/597
f 760/285/532 759/291/532 859/291/532 860/285/532
f 673/311/598 675/310/598 839/310/598 838/311/598
f 757/282/534 749/282/534 849/282/534 857/282/534
f 679/307/599 681/309/599 842/309/599 841/307/599
f 750/273/529 758/273/529 858/273/529 850/273/529
f 685/304/600 663/308/600 833/308/600 844/304/600
f 746/277/530 754/277/530 854/277/530 846/277/530
f 669/313/601 671/312/601 837/312/601 836/313/601
f 752/285/523 760/285/523 860/285/523 852/285/523
f 759/291/545 751/291/545 851/291/545 859/291/545
f 675/310/602 677/306/602 840/306/602 839/310/602
f 755/279/521 747/279/521 847/279/521 855/279/521
f 745/283/536 746/277/536 846/277/536 845/283/536
f 681/309/603 683/303/603 843/303/603 842/309/603
f 665/315/604 667/314/604 835/314/604 834/315/604
f 753/283/525 745/283/525 845/283/525 853/283/525
f 747/279/532 748/288/532 848/288/532 847/279/532
f 748/288/537 756/288/537 856/288/537 848/288/537
f 749/282/526 750/273/526 850/273/526 849/282/526
f 671/312/539 673/311/539 838/311/539 837/312/539
f 1009/202/605 1002/209/605 1001/208/605 1004/207/605 1003/206/605 1012/205/605 1011/204/605 1010/203/605
f 1015/210/606 1040/212/606 1014/211/606
f 1016/213/607 1012/216/607 1003/215/607 1007/214/607
f 1001/217/608 1005/220/608 1008/219/608 1004/218/608
f 1005/221/608 1038/223/608 1008/222/608
f 1022/214/512 866/214/512 867/213/512 1027/213/512
f 1018/224/609 1022/214/609 1027/213/609 1020/225/609
f 1005/226/608 1031/227/608 1038/223/608
f 1019/228/606 1028/231/606 1025/230/606 1014/229/606
f 1037/224/610 1032/214/610 1030/213/610 1039/225/610
f 1013/232/611 1026/235/611 1023/234/611 1006/233/611
f 1040/212/606 1029/237/606 1014/236/606
f 1005/238/608 1036/239/608 1031/227/608
f 1029/237/606 1034/241/606 1014/240/606
f 1007/224/612 1037/214/612 1039/213/612 1016/225/612
f 1032/224/613 1035/214/613 1033/242/613 1030/225/613
f 1035/224/614 1018/214/614 1020/213/614 1033/243/614
f 1005/244/608 1017/245/608 1036/239/608
f 863/246/615 862/252/615 861/230/615 868/251/615 867/250/615 866/249/615 865/248/615 864/247/615
f 1014/253/606 1010/203/606 1011/255/606 1015/254/606
f 1005/256/608 1024/247/608 1021/258/608 1017/257/608
f 1034/241/606 1019/260/606 1014/259/606
f 988/261/512 987/272/512 986/271/512 985/270/512 906/269/512 907/268/512 909/267/512 911/266/512 913/265/512 914/264/512 916/263/512 920/262/512
f 886/273/512 900/273/512 899/274/512 884/274/512
f 989/275/616 990/278/616 874/277/616 872/276/616
f 898/279/617 982/280/617 981/279/617 915/279/617 882/279/617
f 890/281/512 902/281/512 901/282/512 888/282/512
f 990/278/618 991/284/618 876/283/618 874/277/618
f 892/285/619 919/285/619 972/285/619 971/285/619 903/285/619
f 874/277/512 869/277/512 870/276/512 872/276/512
f 991/284/620 992/287/620 878/286/620 876/283/620
f 895/283/621 984/283/621 983/283/621 910/283/621 876/283/621
f 900/267/622 979/267/622 978/266/622 901/266/622
f 992/287/623 993/289/623 880/288/623 878/286/623
f 915/279/512 981/279/512 976/288/512 912/288/512
f 872/290/512 870/290/512 904/291/512 894/291/512
f 993/289/624 994/292/624 882/279/624 880/288/624
f 886/273/625 918/273/625 980/273/625 979/293/625 900/273/625
f 874/277/626 908/277/626 974/294/626 973/277/626 869/277/626
f 994/292/627 995/295/627 884/274/627 882/279/627
f 897/270/628 975/270/628 982/269/628 898/269/628
f 880/288/512 897/288/512 896/286/512 878/286/512
f 995/295/629 996/296/629 886/273/629 884/274/629
f 901/282/630 978/282/630 977/282/630 917/282/630 888/282/630
f 884/274/512 899/274/512 898/279/512 882/279/512
f 996/296/631 997/297/631 888/282/631 886/273/631
f 869/261/632 973/261/632 984/272/632 895/272/632
f 880/288/633 912/288/633 976/288/633 975/288/633 897/288/633
f 997/297/634 998/298/634 890/281/634 888/282/634
f 903/264/635 971/264/635 970/263/635 904/263/635
f 892/285/512 903/285/512 902/281/512 890/281/512
f 998/298/636 999/299/636 892/285/636 890/281/636
f 878/286/512 896/286/512 895/283/512 876/283/512
f 898/269/637 906/269/637 985/270/637 897/270/637
f 999/299/638 1000/300/638 894/291/638 892/285/638
f 910/283/512 983/283/512 974/301/512 908/277/512
f 917/282/512 977/282/512 980/273/512 918/273/512
f 1000/300/639 989/302/639 872/290/639 894/291/639
f 891/303/628 1051/303/628 1052/304/628 893/304/628
f 912/288/640 932/288/640 931/279/640 915/279/640
f 892/285/619 928/285/619 936/285/619 919/285/619
f 904/291/641 970/305/641 969/291/641 905/291/641 894/291/641
f 918/273/642 934/273/642 933/282/642 917/282/642
f 905/291/641 935/291/641 927/291/641 894/291/641
f 938/277/622 962/277/622 961/283/622 937/283/622
f 922/277/626 938/277/626 946/277/626 930/277/626
f 943/291/641 967/291/641 959/291/641 927/291/641
f 933/282/630 949/282/630 941/282/630 925/282/630
f 880/288/633 924/288/633 932/288/633 912/288/633
f 919/285/643 936/285/643 935/291/643 905/291/643
f 910/283/621 929/283/621 921/283/621 876/283/621
f 917/282/630 933/282/630 925/282/630 888/282/630
f 886/273/625 926/273/625 934/273/625 918/273/625
f 874/277/626 922/277/626 930/277/626 908/277/626
f 876/283/644 921/283/644 922/277/644 874/277/644
f 915/279/617 931/279/617 923/279/617 882/279/617
f 882/279/645 923/279/645 924/288/645 880/288/645
f 908/277/646 930/277/646 929/283/646 910/283/646
f 888/282/647 925/282/647 926/273/647 886/273/647
f 894/291/648 927/291/648 928/285/648 892/285/648
f 937/283/622 945/283/622 946/277/622 938/277/622
f 939/279/635 947/279/635 948/288/635 940/288/635
f 941/282/632 949/282/632 950/273/632 942/273/632
f 943/291/628 951/291/628 952/285/628 944/285/628
f 931/279/617 947/279/617 939/279/617 923/279/617
f 930/277/646 946/277/646 945/283/646 929/283/646
f 935/291/641 951/291/641 943/291/641 927/291/641
f 932/288/640 948/288/640 947/279/640 931/279/640
f 928/285/619 944/285/619 952/285/619 936/285/619
f 934/273/642 950/273/642 949/282/642 933/282/642
f 929/283/621 945/283/621 937/283/621 921/283/621
f 936/285/643 952/285/643 951/291/643 935/291/643
f 925/282/622 957/282/622 958/273/622 926/273/622
f 926/273/625 942/273/625 950/273/625 934/273/625
f 924/288/633 940/288/633 948/288/633 932/288/633
f 928/285/619 960/285/619 968/285/619 944/285/619
f 964/288/635 1064/288/635 1063/279/635 963/279/635
f 962/277/622 1062/277/622 1061/283/622 961/283/622
f 885/306/649 1048/306/649 1049/307/649 887/307/649
f 959/291/635 1059/291/635 1060/285/635 960/285/635
f 937/283/621 961/283/621 953/283/621 921/283/621
f 927/291/635 959/291/635 960/285/635 928/285/635
f 939/279/617 963/279/617 955/279/617 923/279/617
f 940/288/635 964/288/635 963/279/635 939/279/635
f 941/282/630 965/282/630 957/282/630 925/282/630
f 924/288/633 956/288/633 964/288/633 940/288/633
f 942/273/632 966/273/632 965/282/632 941/282/632
f 944/285/628 968/285/628 967/291/628 943/291/628
f 926/273/625 958/273/625 966/273/625 942/273/625
f 921/283/632 953/283/632 954/277/632 922/277/632
f 922/277/626 954/277/626 962/277/626 938/277/626
f 923/279/628 955/279/628 956/288/628 924/288/628
f 969/291/650 970/291/650 971/285/650 972/285/650
f 977/282/651 978/282/651 979/273/651 980/273/651
f 981/279/652 982/279/652 975/288/652 976/288/652
f 983/283/653 984/283/653 973/277/653 974/301/653
f 905/291/512 969/291/512 972/285/512 919/285/512
f 900/273/654 909/273/654 907/274/654 899/274/654
f 902/281/655 913/281/655 911/282/655 901/282/655
f 895/272/656 987/272/656 988/261/656 869/261/656
f 897/288/657 985/288/657 986/286/657 896/286/657
f 899/274/658 907/274/658 906/279/658 898/279/658
f 901/266/659 911/266/659 909/267/659 900/267/659
f 870/290/660 920/290/660 916/291/660 904/291/660
f 903/285/661 914/285/661 913/281/661 902/281/661
f 869/277/662 988/277/662 920/276/662 870/276/662
f 904/263/663 916/263/663 914/264/663 903/264/663
f 896/286/664 986/286/664 987/283/664 895/283/664
f 893/304/665 871/308/665 989/302/665 1000/300/665
f 891/303/666 893/304/666 1000/300/666 999/299/666
f 889/309/636 891/303/636 999/299/636 998/298/636
f 887/307/634 889/309/634 998/298/634 997/297/634
f 885/306/631 887/307/631 997/297/631 996/296/631
f 883/310/667 885/306/667 996/296/667 995/295/667
f 881/311/668 883/310/668 995/295/668 994/292/668
f 879/312/624 881/311/624 994/292/624 993/289/624
f 877/313/623 879/312/623 993/289/623 992/287/623
f 875/314/620 877/313/620 992/287/620 991/284/620
f 873/315/618 875/314/618 991/284/618 990/278/618
f 871/316/616 873/315/616 990/278/616 989/275/616
f 1006/234/669 1005/319/669 1001/318/669 1002/317/669
f 1003/320/670 1004/218/670 1008/219/670 1007/321/670
f 1009/322/671 1010/203/671 1014/253/671 1013/235/671
f 1016/213/672 1015/254/672 1011/255/672 1012/216/672
f 1034/241/673 1033/243/673 1020/213/673 1019/260/673
f 1038/223/674 1037/321/674 1007/321/674 1008/222/674
f 1019/228/675 1020/225/675 1027/213/675 1028/231/675
f 1021/258/676 1022/321/676 1018/321/676 1017/257/676
f 1040/212/677 1039/225/677 1030/213/677 1029/237/677
f 1036/239/678 1035/321/678 1032/321/678 1031/227/678
f 1029/237/679 1030/225/679 1033/242/679 1034/241/679
f 1017/245/680 1018/321/680 1035/321/680 1036/239/680
f 1031/227/681 1032/321/681 1037/321/681 1038/223/681
f 1015/210/682 1016/225/682 1039/213/682 1040/212/682
f 1023/234/683 1024/319/683 1005/319/683 1006/233/683
f 1013/232/684 1014/229/684 1025/230/684 1026/235/684
f 1006/234/685 1002/317/685 1009/322/685 1013/235/685
f 1024/247/608 864/247/608 865/258/608 1021/258/608
f 1025/230/686 861/230/686 862/235/686 1026/235/686
f 1028/231/606 868/231/606 861/230/606 1025/230/606
f 1021/258/687 865/258/687 866/321/687 1022/321/687
f 1027/213/688 867/213/688 868/231/688 1028/231/688
f 1023/234/689 863/234/689 864/319/689 1024/319/689
f 1026/235/595 862/235/595 863/234/595 1023/234/595
f 1041/323/595 1052/334/595 1051/333/595 1050/332/595 1049/331/595 1048/330/595 1047/329/595 1046/328/595 1045/327/595 1044/326/595 1043/325/595 1042/324/595
f 1059/291/595 1067/291/595 1068/285/595 1060/285/595
f 1057/282/595 1065/282/595 1066/273/595 1058/273/595
f 1053/283/595 1061/283/595 1062/277/595 1054/277/595
f 1055/279/595 1063/279/595 1064/288/595 1056/288/595
f 875/314/690 1043/314/690 1044/313/690 877/313/690
f 966/273/632 1066/273/632 1065/282/632 965/282/632
f 871/316/691 1041/316/691 1042/315/691 873/315/691
f 968/285/628 1068/285/628 1067/291/628 967/291/628
f 881/311/692 1046/311/692 1047/310/692 883/310/692
f 965/282/630 1065/282/630 1057/282/630 957/282/630
f 887/307/693 1049/307/693 1050/309/693 889/309/693
f 958/273/625 1058/273/625 1066/273/625 966/273/625
f 893/304/694 1052/304/694 1041/308/694 871/308/694
f 954/277/626 1054/277/626 1062/277/626 962/277/626
f 877/313/695 1044/313/695 1045/312/695 879/312/695
f 960/285/619 1060/285/619 1068/285/619 968/285/619
f 967/291/641 1067/291/641 1059/291/641 959/291/641
f 883/310/696 1047/310/696 1048/306/696 885/306/696
f 963/279/617 1063/279/617 1055/279/617 955/279/617
f 953/283/632 1053/283/632 1054/277/632 954/277/632
f 889/309/697 1050/309/697 1051/303/697 891/303/697
f 873/315/698 1042/315/698 1043/314/698 875/314/698
f 961/283/621 1061/283/621 1053/283/621 953/283/621
f 955/279/628 1055/279/628 1056/288/628 956/288/628
f 956/288/633 1056/288/633 1064/288/633 964/288/633
f 957/282/622 1057/282/622 1058/273/622 958/273/622
f 879/312/635 1045/312/635 1046/311/635 881/311/635
f 1217/202/699 1210/209/699 1209/208/699 1212/207/699 1211/206/699 1220/205/699 1219/204/699 1218/203/699
f 1223/210/608 1248/212/608 1222/211/608
f 1224/213/700 1220/216/700 1211/215/700 1215/214/700
f 1209/217/606 1213/220/606 1216/219/606 1212/218/606
f 1213/221/606 1246/223/606 1216/222/606
f 1230/214/512 1074/214/512 1075/213/512 1235/213/512
f 1226/224/701 1230/214/701 1235/213/701 1228/225/701
f 1213/226/606 1239/227/606 1246/223/606
f 1227/228/608 1236/231/608 1233/230/608 1222/229/608
f 1245/224/613 1240/214/613 1238/213/613 1247/225/613
f 1221/232/702 1234/235/702 1231/234/702 1214/233/702
f 1248/212/608 1237/237/608 1222/236/608
f 1213/238/606 1244/239/606 1239/227/606
f 1237/237/608 1242/241/608 1222/240/608
f 1215/224/614 1245/214/614 1247/213/614 1224/225/614
f 1240/224/610 1243/214/610 1241/242/610 1238/225/610
f 1243/224/612 1226/214/612 1228/213/612 1241/243/612
f 1213/244/606 1225/245/606 1244/239/606
f 1071/246/703 1070/252/703 1069/230/703 1076/251/703 1075/250/703 1074/249/703 1073/248/703 1072/247/703
f 1222/253/608 1218/203/608 1219/255/608 1223/254/608
f 1213/256/606 1232/247/606 1229/258/606 1225/257/606
f 1242/241/608 1227/260/608 1222/259/608
f 1196/261/512 1195/272/512 1194/271/512 1193/270/512 1114/269/512 1115/268/512 1117/267/512 1119/266/512 1121/265/512 1122/264/512 1124/263/512 1128/262/512
f 1094/273/512 1108/273/512 1107/274/512 1092/274/512
f 1197/275/667 1198/278/667 1082/277/667 1080/276/667
f 1106/279/641 1190/280/641 1189/279/641 1123/279/641 1090/279/641
f 1098/281/512 1110/281/512 1109/282/512 1096/282/512
f 1198/278/631 1199/284/631 1084/283/631 1082/277/631
f 1100/285/633 1127/285/633 1180/285/633 1179/285/633 1111/285/633
f 1082/277/512 1077/277/512 1078/276/512 1080/276/512
f 1199/284/634 1200/287/634 1086/286/634 1084/283/634
f 1103/283/630 1192/283/630 1191/283/630 1118/283/630 1084/283/630
f 1108/267/632 1187/267/632 1186/266/632 1109/266/632
f 1200/287/704 1201/289/704 1088/288/704 1086/286/704
f 1123/279/512 1189/279/512 1184/288/512 1120/288/512
f 1080/290/512 1078/290/512 1112/291/512 1102/291/512
f 1201/289/666 1202/292/666 1090/279/666 1088/288/666
f 1094/273/626 1126/273/626 1188/273/626 1187/293/626 1108/273/626
f 1082/277/625 1116/277/625 1182/294/625 1181/277/625 1077/277/625
f 1202/292/639 1203/295/639 1092/274/639 1090/279/639
f 1105/270/635 1183/270/635 1190/269/635 1106/269/635
f 1088/288/512 1105/288/512 1104/286/512 1086/286/512
f 1203/295/705 1204/296/705 1094/273/705 1092/274/705
f 1109/282/621 1186/282/621 1185/282/621 1125/282/621 1096/282/621
f 1092/274/512 1107/274/512 1106/279/512 1090/279/512
f 1204/296/618 1205/297/618 1096/282/618 1094/273/618
f 1077/261/622 1181/261/622 1192/272/622 1103/272/622
f 1088/288/619 1120/288/619 1184/288/619 1183/288/619 1105/288/619
f 1205/297/620 1206/298/620 1098/281/620 1096/282/620
f 1111/264/628 1179/264/628 1178/263/628 1112/263/628
f 1100/285/512 1111/285/512 1110/281/512 1098/281/512
f 1206/298/706 1207/299/706 1100/285/706 1098/281/706
f 1086/286/512 1104/286/512 1103/283/512 1084/283/512
f 1106/269/663 1114/269/663 1193/270/663 1105/270/663
f 1207/299/707 1208/300/707 1102/291/707 1100/285/707
f 1118/283/512 1191/283/512 1182/301/512 1116/277/512
f 1125/282/512 1185/282/512 1188/273/512 1126/273/512
f 1208/300/627 1197/302/627 1080/290/627 1102/291/627
f 1099/303/635 1259/303/635 1260/304/635 1101/304/635
f 1120/288/643 1140/288/643 1139/279/643 1123/279/643
f 1100/285/633 1136/285/633 1144/285/633 1127/285/633
f 1112/291/617 1178/305/617 1177/291/617 1113/291/617 1102/291/617
f 1126/273/646 1142/273/646 1141/282/646 1125/282/646
f 1113/291/617 1143/291/617 1135/291/617 1102/291/617
f 1146/277/632 1170/277/632 1169/283/632 1145/283/632
f 1130/277/625 1146/277/625 1154/277/625 1138/277/625
f 1151/291/617 1175/291/617 1167/291/617 1135/291/617
f 1141/282/621 1157/282/621 1149/282/621 1133/282/621
f 1088/288/619 1132/288/619 1140/288/619 1120/288/619
f 1127/285/640 1144/285/640 1143/291/640 1113/291/640
f 1118/283/630 1137/283/630 1129/283/630 1084/283/630
f 1125/282/621 1141/282/621 1133/282/621 1096/282/621
f 1094/273/626 1134/273/626 1142/273/626 1126/273/626
f 1082/277/625 1130/277/625 1138/277/625 1116/277/625
f 1084/283/647 1129/283/647 1130/277/647 1082/277/647
f 1123/279/641 1139/279/641 1131/279/641 1090/279/641
f 1090/279/648 1131/279/648 1132/288/648 1088/288/648
f 1116/277/642 1138/277/642 1137/283/642 1118/283/642
f 1096/282/644 1133/282/644 1134/273/644 1094/273/644
f 1102/291/645 1135/291/645 1136/285/645 1100/285/645
f 1145/283/632 1153/283/632 1154/277/632 1146/277/632
f 1147/279/628 1155/279/628 1156/288/628 1148/288/628
f 1149/282/622 1157/282/622 1158/273/622 1150/273/622
f 1151/291/635 1159/291/635 1160/285/635 1152/285/635
f 1139/279/641 1155/279/641 1147/279/641 1131/279/641
f 1138/277/642 1154/277/642 1153/283/642 1137/283/642
f 1143/291/617 1159/291/617 1151/291/617 1135/291/617
f 1140/288/643 1156/288/643 1155/279/643 1139/279/643
f 1136/285/633 1152/285/633 1160/285/633 1144/285/633
f 1142/273/646 1158/273/646 1157/282/646 1141/282/646
f 1137/283/630 1153/283/630 1145/283/630 1129/283/630
f 1144/285/640 1160/285/640 1159/291/640 1143/291/640
f 1133/282/632 1165/282/632 1166/273/632 1134/273/632
f 1134/273/626 1150/273/626 1158/273/626 1142/273/626
f 1132/288/619 1148/288/619 1156/288/619 1140/288/619
f 1136/285/633 1168/285/633 1176/285/633 1152/285/633
f 1172/288/628 1272/288/628 1271/279/628 1171/279/628
f 1170/277/632 1270/277/632 1269/283/632 1169/283/632
f 1093/306/698 1256/306/698 1257/307/698 1095/307/698
f 1167/291/628 1267/291/628 1268/285/628 1168/285/628
f 1145/283/630 1169/283/630 1161/283/630 1129/283/630
f 1135/291/628 1167/291/628 1168/285/628 1136/285/628
f 1147/279/641 1171/279/641 1163/279/641 1131/279/641
f 1148/288/628 1172/288/628 1171/279/628 1147/279/628
f 1149/282/621 1173/282/621 1165/282/621 1133/282/621
f 1132/288/619 1164/288/619 1172/288/619 1148/288/619
f 1150/273/622 1174/273/622 1173/282/622 1149/282/622
f 1152/285/635 1176/285/635 1175/291/635 1151/291/635
f 1134/273/626 1166/273/626 1174/273/626 1150/273/626
f 1129/283/622 1161/283/622 1162/277/622 1130/277/622
f 1130/277/625 1162/277/625 1170/277/625 1146/277/625
f 1131/279/635 1163/279/635 1164/288/635 1132/288/635
f 1177/291/652 1178/291/652 1179/285/652 1180/285/652
f 1185/282/653 1186/282/653 1187/273/653 1188/273/653
f 1189/279/650 1190/279/650 1183/288/650 1184/288/650
f 1191/283/651 1192/283/651 1181/277/651 1182/301/651
f 1113/291/512 1177/291/512 1180/285/512 1127/285/512
f 1108/273/662 1117/273/662 1115/274/662 1107/274/662
f 1110/281/664 1121/281/664 1119/282/664 1109/282/664
f 1103/272/659 1195/272/659 1196/261/659 1077/261/659
f 1105/288/661 1193/288/661 1194/286/661 1104/286/661
f 1107/274/660 1115/274/660 1114/279/660 1106/279/660
f 1109/266/656 1119/266/656 1117/267/656 1108/267/656
f 1078/290/658 1128/290/658 1124/291/658 1112/291/658
f 1111/285/657 1122/285/657 1121/281/657 1110/281/657
f 1077/277/654 1196/277/654 1128/276/654 1078/276/654
f 1112/263/637 1124/263/637 1122/264/637 1111/264/637
f 1104/286/655 1194/286/655 1195/283/655 1103/283/655
f 1101/304/668 1079/308/668 1197/302/668 1208/300/668
f 1099/303/624 1101/304/624 1208/300/624 1207/299/624
f 1097/309/706 1099/303/706 1207/299/706 1206/298/706
f 1095/307/620 1097/309/620 1206/298/620 1205/297/620
f 1093/306/618 1095/307/618 1205/297/618 1204/296/618
f 1091/310/616 1093/306/616 1204/296/616 1203/295/616
f 1089/311/665 1091/310/665 1203/295/665 1202/292/665
f 1087/312/666 1089/311/666 1202/292/666 1201/289/666
f 1085/313/704 1087/312/704 1201/289/704 1200/287/704
f 1083/314/634 1085/313/634 1200/287/634 1199/284/634
f 1081/315/631 1083/314/631 1199/284/631 1198/278/631
f 1079/316/667 1081/315/667 1198/278/667 1197/275/667
f 1214/234/708 1213/319/708 1209/318/708 1210/317/708
f 1211/320/709 1212/218/709 1216/219/709 1215/321/709
f 1217/322/710 1218/203/710 1222/253/710 1221/235/710
f 1224/213/711 1223/254/711 1219/255/711 1220/216/711
f 1242/241/712 1241/243/712 1228/213/712 1227/260/712
f 1246/223/713 1245/321/713 1215/321/713 1216/222/713
f 1227/228/714 1228/225/714 1235/213/714 1236/231/714
f 1229/258/715 1230/321/715 1226/321/715 1225/257/715
f 1248/212/716 1247/225/716 1238/213/716 1237/237/716
f 1244/239/717 1243/321/717 1240/321/717 1239/227/717
f 1237/237/718 1238/225/718 1241/242/718 1242/241/718
f 1225/245/719 1226/321/719 1243/321/719 1244/239/719
f 1239/227/720 1240/321/720 1245/321/720 1246/223/720
f 1223/210/721 1224/225/721 1247/213/721 1248/212/721
f 1231/234/722 1232/319/722 1213/319/722 1214/233/722
f 1221/232/723 1222/229/723 1233/230/723 1234/235/723
f 1214/234/724 1210/317/724 1217/322/724 1221/235/724
f 1232/247/606 1072/247/606 1073/258/606 1229/258/606
f 1233/230/689 1069/230/689 1070/235/689 1234/235/689
f 1236/231/608 1076/231/608 1069/230/608 1233/230/608
f 1229/258/688 1073/258/688 1074/321/688 1230/321/688
f 1235/213/687 1075/213/687 1076/231/687 1236/231/687
f 1231/234/686 1071/234/686 1072/319/686 1232/319/686
f 1234/235/595 1070/235/595 1071/234/595 1231/234/595
f 1249/323/595 1260/334/595 1259/333/595 1258/332/595 1257/331/595 1256/330/595 1255/329/595 1254/328/595 1253/327/595 1252/326/595 1251/325/595 1250/324/595
f 1267/291/595 1275/291/595 1276/285/595 1268/285/595
f 1265/282/595 1273/282/595 1274/273/595 1266/273/595
f 1261/283/595 1269/283/595 1270/277/595 1262/277/595
f 1263/279/595 1271/279/595 1272/288/595 1264/288/595
f 1083/314/693 1251/314/693 1252/313/693 1085/313/693
f 1174/273/622 1274/273/622 1273/282/622 1173/282/622
f 1079/316/696 1249/316/696 1250/315/696 1081/315/696
f 1176/285/635 1276/285/635 1275/291/635 1175/291/635
f 1089/311/694 1254/311/694 1255/310/694 1091/310/694
f 1173/282/621 1273/282/621 1265/282/621 1165/282/621
f 1095/307/690 1257/307/690 1258/309/690 1097/309/690
f 1166/273/626 1266/273/626 1274/273/626 1174/273/626
f 1101/304/692 1260/304/692 1249/308/692 1079/308/692
f 1162/277/625 1262/277/625 1270/277/625 1170/277/625
f 1085/313/697 1252/313/697 1253/312/697 1087/312/697
f 1168/285/633 1268/285/633 1276/285/633 1176/285/633
f 1175/291/617 1275/291/617 1267/291/617 1167/291/617
f 1091/310/691 1255/310/691 1256/306/691 1093/306/691
f 1171/279/641 1271/279/641 1263/279/641 1163/279/641
f 1161/283/622 1261/283/622 1262/277/622 1162/277/622
f 1097/309/695 1258/309/695 1259/303/695 1099/303/695
f 1081/315/649 1250/315/649 1251/314/649 1083/314/649
f 1169/283/630 1269/283/630 1261/283/630 1161/283/630
f 1163/279/635 1263/279/635 1264/288/635 1164/288/635
f 1164/288/619 1264/288/619 1272/288/619 1172/288/619
f 1165/282/632 1265/282/632 1266/273/632 1166/273/632
f 1087/312/628 1253/312/628 1254/311/628 1089/311/628
f 1425/202/725 1426/203/725 1427/204/725 1428/205/725 1419/206/725 1420/207/725 1417/208/725 1418/209/725
f 1431/210/511 1430/211/511 1456/212/511
f 1432/213/726 1423/214/726 1419/215/726 1428/216/726
f 1417/217/509 1420/218/509 1424/219/509 1421/220/509
f 1421/221/509 1424/222/509 1454/223/509
f 1438/214/512 1443/213/512 1283/213/512 1282/214/512
f 1434/224/727 1436/225/727 1443/213/727 1438/214/727
f 1421/226/509 1454/223/509 1447/227/509
f 1435/228/511 1430/229/511 1441/230/511 1444/231/511
f 1453/224/517 1455/225/517 1446/213/517 1448/214/517
f 1429/232/728 1422/233/728 1439/234/728 1442/235/728
f 1456/212/511 1430/236/511 1445/237/511
f 1421/238/509 1447/227/509 1452/239/509
f 1445/237/511 1430/240/511 1450/241/511
f 1423/224/518 1432/225/518 1455/213/518 1453/214/518
f 1448/224/514 1446/225/514 1449/242/514 1451/214/514
f 1451/224/516 1449/243/516 1436/213/516 1434/214/516
f 1421/244/509 1452/239/509 1433/245/509
f 1279/246/729 1280/247/729 1281/248/729 1282/249/729 1283/250/729 1284/251/729 1277/230/729 1278/252/729
f 1430/253/511 1431/254/511 1427/255/511 1426/203/511
f 1421/256/509 1433/257/509 1437/258/509 1440/247/509
f 1450/241/511 1430/259/511 1435/260/511
f 1404/261/512 1336/262/512 1332/263/512 1330/264/512 1329/265/512 1327/266/512 1325/267/512 1323/268/512 1322/269/512 1401/270/512 1402/271/512 1403/272/512
f 1302/273/512 1300/274/512 1315/274/512 1316/273/512
f 1405/275/572 1288/276/572 1290/277/572 1406/278/572
f 1314/279/545 1298/279/545 1331/279/545 1397/279/545 1398/280/545
f 1306/281/512 1304/282/512 1317/282/512 1318/281/512
f 1406/278/535 1290/277/535 1292/283/535 1407/284/535
f 1308/285/537 1319/285/537 1387/285/537 1388/285/537 1335/285/537
f 1290/277/512 1288/276/512 1286/276/512 1285/277/512
f 1407/284/538 1292/283/538 1294/286/538 1408/287/538
f 1311/283/534 1292/283/534 1326/283/534 1399/283/534 1400/283/534
f 1316/267/536 1317/266/536 1394/266/536 1395/267/536
f 1408/287/730 1294/286/730 1296/288/730 1409/289/730
f 1331/279/512 1328/288/512 1392/288/512 1397/279/512
f 1288/290/512 1310/291/512 1320/291/512 1286/290/512
f 1409/289/570 1296/288/570 1298/279/570 1410/292/570
f 1302/273/530 1316/273/530 1395/293/530 1396/273/530 1334/273/530
f 1290/277/529 1285/277/529 1389/277/529 1390/294/529 1324/277/529
f 1410/292/543 1298/279/543 1300/274/543 1411/295/543
f 1313/270/539 1314/269/539 1398/269/539 1391/270/539
f 1296/288/512 1294/286/512 1312/286/512 1313/288/512
f 1411/295/731 1300/274/731 1302/273/731 1412/296/731
f 1317/282/525 1304/282/525 1333/282/525 1393/282/525 1394/282/525
f 1300/274/512 1298/279/512 1314/279/512 1315/274/512
f 1412/296/522 1302/273/522 1304/282/522 1413/297/522
f 1285/261/526 1311/272/526 1400/272/526 1389/261/526
f 1296/288/523 1313/288/523 1391/288/523 1392/288/523 1328/288/523
f 1413/297/524 1304/282/524 1306/281/524 1414/298/524
f 1319/264/532 1320/263/532 1386/263/532 1387/264/532
f 1308/285/512 1306/281/512 1318/281/512 1319/285/512
f 1414/298/732 1306/281/732 1308/285/732 1415/299/732
f 1294/286/512 1292/283/512 1311/283/512 1312/286/512
f 1314/269/567 1313/270/567 1401/270/567 1322/269/567
f 1415/299/733 1308/285/733 1310/291/733 1416/300/733
f 1326/283/512 1324/277/512 1390/301/512 1399/283/512
f 1333/282/512 1334/273/512 1396/273/512 1393/282/512
f 1416/300/531 1310/291/531 1288/290/531 1405/302/531
f 1307/303/539 1309/304/539 1468/304/539 1467/303/539
f 1328/288/547 1331/279/547 1347/279/547 1348/288/547
f 1308/285/537 1335/285/537 1352/285/537 1344/285/537
f 1320/291/521 1310/291/521 1321/291/521 1385/291/521 1386/305/521
f 1334/273/550 1333/282/550 1349/282/550 1350/273/550
f 1321/291/521 1310/291/521 1343/291/521 1351/291/521
f 1354/277/536 1353/283/536 1377/283/536 1378/277/536
f 1338/277/529 1346/277/529 1362/277/529 1354/277/529
f 1359/291/521 1343/291/521 1375/291/521 1383/291/521
f 1349/282/525 1341/282/525 1357/282/525 1365/282/525
f 1296/288/523 1328/288/523 1348/288/523 1340/288/523
f 1335/285/544 1321/291/544 1351/291/544 1352/285/544
f 1326/283/534 1292/283/534 1337/283/534 1345/283/534
f 1333/282/525 1304/282/525 1341/282/525 1349/282/525
f 1302/273/530 1334/273/530 1350/273/530 1342/273/530
f 1290/277/529 1324/277/529 1346/277/529 1338/277/529
f 1292/283/551 1290/277/551 1338/277/551 1337/283/551
f 1331/279/545 1298/279/545 1339/279/545 1347/279/545
f 1298/279/552 1296/288/552 1340/288/552 1339/279/552
f 1324/277/546 1326/283/546 1345/283/546 1346/277/546
f 1304/282/548 1302/273/548 1342/273/548 1341/282/548
f 1310/291/549 1308/285/549 1344/285/549 1343/291/549
f 1353/283/536 1354/277/536 1362/277/536 1361/283/536
f 1355/279/532 1356/288/532 1364/288/532 1363/279/532
f 1357/282/526 1358/273/526 1366/273/526 1365/282/526
f 1359/291/539 1360/285/539 1368/285/539 1367/291/539
f 1347/279/545 1339/279/545 1355/279/545 1363/279/545
f 1346/277/546 1345/283/546 1361/283/546 1362/277/546
f 1351/291/521 1343/291/521 1359/291/521 1367/291/521
f 1348/288/547 1347/279/547 1363/279/547 1364/288/547
f 1344/285/537 1352/285/537 1368/285/537 1360/285/537
f 1350/273/550 1349/282/550 1365/282/550 1366/273/550
f 1345/283/534 1337/283/534 1353/283/534 1361/283/534
f 1352/285/544 1351/291/544 1367/291/544 1368/285/544
f 1341/282/536 1342/273/536 1374/273/536 1373/282/536
f 1342/273/530 1350/273/530 1366/273/530 1358/273/530
f 1340/288/523 1348/288/523 1364/288/523 1356/288/523
f 1344/285/537 1360/285/537 1384/285/537 1376/285/537
f 1380/288/532 1379/279/532 1479/279/532 1480/288/532
f 1378/277/536 1377/283/536 1477/283/536 1478/277/536
f 1301/306/604 1303/307/604 1465/307/604 1464/306/604
f 1375/291/532 1376/285/532 1476/285/532 1475/291/532
f 1353/283/534 1337/283/534 1369/283/534 1377/283/534
f 1343/291/532 1344/285/532 1376/285/532 1375/291/532
f 1355/279/545 1339/279/545 1371/279/545 1379/279/545
f 1356/288/532 1355/279/532 1379/279/532 1380/288/532
f 1357/282/525 1341/282/525 1373/282/525 1381/282/525
f 1340/288/523 1356/288/523 1380/288/523 1372/288/523
f 1358/273/526 1357/282/526 1381/282/526 1382/273/526
f 1360/285/539 1359/291/539 1383/291/539 1384/285/539
f 1342/273/530 1358/273/530 1382/273/530 1374/273/530
f 1337/283/526 1338/277/526 1370/277/526 1369/283/526
f 1338/277/529 1354/277/529 1378/277/529 1370/277/529
f 1339/279/539 1340/288/539 1372/288/539 1371/279/539
f 1385/291/556 1388/285/556 1387/285/556 1386/291/556
f 1393/282/557 1396/273/557 1395/273/557 1394/282/557
f 1397/279/554 1392/288/554 1391/288/554 1398/279/554
f 1399/283/555 1390/301/555 1389/277/555 1400/283/555
f 1321/291/512 1335/285/512 1388/285/512 1385/291/512
f 1316/273/566 1315/274/566 1323/274/566 1325/273/566
f 1318/281/568 1317/282/568 1327/282/568 1329/281/568
f 1311/272/563 1285/261/563 1404/261/563 1403/272/563
f 1313/288/565 1312/286/565 1402/286/565 1401/288/565
f 1315/274/564 1314/279/564 1322/279/564 1323/274/564
f 1317/266/560 1316/267/560 1325/267/560 1327/266/560
f 1286/290/562 1320/291/562 1332/291/562 1336/290/562
f 1319/285/561 1318/281/561 1329/281/561 1330/285/561
f 1285/277/558 1286/276/558 1336/276/558 1404/277/558
f 1320/263/541 1319/264/541 1330/264/541 1332/263/541
f 1312/286/559 1311/283/559 1403/283/559 1402/286/559
f 1309/304/573 1416/300/573 1405/302/573 1287/308/573
f 1307/303/528 1415/299/528 1416/300/528 1309/304/528
f 1305/309/734 1414/298/734 1415/299/734 1307/303/734
f 1303/307/524 1413/297/524 1414/298/524 1305/309/524
f 1301/306/522 1412/296/522 1413/297/522 1303/307/522
f 1299/310/520 1411/295/520 1412/296/520 1301/306/520
f 1297/311/569 1410/292/569 1411/295/569 1299/310/569
f 1295/312/570 1409/289/570 1410/292/570 1297/311/570
f 1293/313/730 1408/287/730 1409/289/730 1295/312/730
f 1291/314/538 1407/284/538 1408/287/538 1293/313/538
f 1289/315/535 1406/278/535 1407/284/535 1291/314/535
f 1287/316/572 1405/275/572 1406/278/572 1289/315/572
f 1422/234/735 1418/317/735 1417/318/735 1421/319/735
f 1419/320/736 1423/321/736 1424/219/736 1420/218/736
f 1425/322/737 1429/235/737 1430/253/737 1426/203/737
f 1432/213/738 1428/216/738 1427/255/738 1431/254/738
f 1450/241/739 1435/260/739 1436/213/739 1449/243/739
f 1454/223/740 1424/222/740 1423/321/740 1453/321/740
f 1435/228/741 1444/231/741 1443/213/741 1436/225/741
f 1437/258/742 1433/257/742 1434/321/742 1438/321/742
f 1456/212/743 1445/237/743 1446/213/743 1455/225/743
f 1452/239/744 1447/227/744 1448/321/744 1451/321/744
f 1445/237/745 1450/241/745 1449/242/745 1446/225/745
f 1433/245/746 1452/239/746 1451/321/746 1434/321/746
f 1447/227/747 1454/223/747 1453/321/747 1448/321/747
f 1431/210/748 1456/212/748 1455/213/748 1432/225/748
f 1439/234/749 1422/233/749 1421/319/749 1440/319/749
f 1429/232/750 1442/235/750 1441/230/750 1430/229/750
f 1422/234/751 1429/235/751 1425/322/751 1418/317/751
f 1440/247/509 1437/258/509 1281/258/509 1280/247/509
f 1441/230/594 1442/235/594 1278/235/594 1277/230/594
f 1444/231/511 1441/230/511 1277/230/511 1284/231/511
f 1437/258/593 1438/321/593 1282/321/593 1281/258/593
f 1443/213/592 1444/231/592 1284/231/592 1283/213/592
f 1439/234/591 1440/319/591 1280/319/591 1279/234/591
f 1442/235/595 1439/234/595 1279/234/595 1278/235/595
f 1457/323/595 1458/324/595 1459/325/595 1460/326/595 1461/327/595 1462/328/595 1463/329/595 1464/330/595 1465/331/595 1466/332/595 1467/333/595 1468/334/595
f 1475/291/595 1476/285/595 1484/285/595 1483/291/595
f 1473/282/595 1474/273/595 1482/273/595 1481/282/595
f 1469/283/595 1470/277/595 1478/277/595 1477/283/595
f 1471/279/595 1472/288/595 1480/288/595 1479/279/595
f 1291/314/599 1293/313/599 1460/313/599 1459/314/599
f 1382/273/526 1381/282/526 1481/282/526 1482/273/526
f 1287/316/602 1289/315/602 1458/315/602 1457/316/602
f 1384/285/539 1383/291/539 1483/291/539 1484/285/539
f 1297/311/600 1299/310/600 1463/310/600 1462/311/600
f 1381/282/525 1373/282/525 1473/282/525 1481/282/525
f 1303/307/596 1305/309/596 1466/309/596 1465/307/596
f 1374/273/530 1382/273/530 1482/273/530 1474/273/530
f 1309/304/598 1287/308/598 1457/308/598 1468/304/598
f 1370/277/529 1378/277/529 1478/277/529 1470/277/529
f 1293/313/603 1295/312/603 1461/312/603 1460/313/603
f 1376/285/537 1384/285/537 1484/285/537 1476/285/537
f 1383/291/521 1375/291/521 1475/291/521 1483/291/521
f 1299/310/597 1301/306/597 1464/306/597 1463/310/597
f 1379/279/545 1371/279/545 1471/279/545 1479/279/545
f 1369/283/526 1370/277/526 1470/277/526 1469/283/526
f 1305/309/601 1307/303/601 1467/303/601 1466/309/601
f 1289/315/553 1291/314/553 1459/314/553 1458/315/553
f 1377/283/534 1369/283/534 1469/283/534 1477/283/534
f 1371/279/539 1372/288/539 1472/288/539 1471/279/539
f 1372/288/523 1380/288/523 1480/288/523 1472/288/523
f 1373/282/536 1374/273/536 1474/273/536 1473/282/536
f 1295/312/532 1297/311/532 1462/311/532 1461/312/532
